skill_no,skill_name,campaign_no,media_type
23121021,ASSIST_24H_SUP,11460337,4
23121006,ASSIST_AUTO_AZUL,11460336,4
31545794,ASSIST_AUTO_AZUL_PREMIUM,11466108,4
31545833,ASSIST_AUTO_AZUL_PRIVATE,11466125,4
23121007,ASSIST_AUTO_ITAU,11460336,4
23121008,ASSIST_AUTO_PORTO,11460336,4
31545795,ASSIST_AUTO_PORTO_PREMIUM,11466108,4
31545834,ASSIST_AUTO_PORTO_PRIVATE,11466125,4
23121009,ASSIST_AUTO_V_PREVIA_PORTO,11460336,4
23121093,ASSIST_ESPEC_SANTANDER,11460370,4
35589101,ASSIST_ESPEC_SANTANDER_VIP,11466179,4
23121010,ASSIST_GERAL_MITSUI,11460336,4
23121011,ASSIST_GERAL_PORTO,11460336,4
23121012,ASSIST_IMOVEL_AZUL,11460336,4
31545799,AVISO_SIN_C_RES_PORTO_PREMIUM,11466109,4
31545838,AVISO_SIN_C_RES_PORTO_PRIVATE,11466126,4
25166097,AVISO_SIN_CARRO_FACIL_PORTO,11460336,4
23121283,AVISO_SIN_CARRO_RESERVA_AZUL,11460336,4
23121284,AVISO_SIN_CARRO_RESERVA_ITAU,11460336,4
23121285,AVISO_SIN_CARRO_RESERVA_PORTO,11460336,4
23121286,AVISO_SIN_CARTA_VERDE_PORTO,11460336,4
23121287,AVISO_SIN_CREDITO_APP_PORTO,11460336,4
31545800,AVISO_SIN_CREDITO_APP_PREMIUM,11466109,4
31545839,AVISO_SIN_CREDITO_APP_PRIVATE,11466126,4
31545801,AVISO_SIN_GUI_COL_AZUL_PREMIUM,11466109,4
31545840,AVISO_SIN_GUI_COL_AZUL_PRIVATE,11466109,4
31545802,AVISO_SIN_GUI_COL_PREMIUM,11466109,4
31545841,AVISO_SIN_GUI_COL_PRIVATE,11466126,4
23121301,AVISO_SIN_GUIN_COLISAO_R3_AZUL,11460336,4
23121288,AVISO_SIN_GUINCHO_COLISAO_AZUL,11460336,4
25166098,AVISO_SIN_GUINCHO_COLISAO_BLLU,11460336,4
23121289,AVISO_SIN_GUINCHO_COLISAO_ITAU,11460336,4
23121290,AVISO_SIN_GUINCHO_COLISAO_PORT,11460336,4
23121391,AVISO_SIN_ITAU_RESID_APOLICE,11460361,4
23121392,AVISO_SIN_ITAU_RESID_AVISO,11460338,4
23121393,AVISO_SIN_ITAU_RESID_CANCEL,11460361,4
23121394,AVISO_SIN_ITAU_RESID_COBRANCA,11460361,4
23121395,AVISO_SIN_ITAU_RESID_ENDOSSO,11460361,4
23121396,AVISO_SIN_ITAU_RESID_WORKSITE,11460338,4
23121291,AVISO_SIN_RCO_APP_PORTO,11460336,4
23121397,AVISO_SIN_RE_CORRETOR,11460338,4
23121398,AVISO_SIN_RE_PORTO,11460338,4
35589078,AVISO_SIN_RE_PORTO_PREMIUM,11466123,4
31545858,AVISO_SIN_RE_PORTO_PRIVATE,11466141,4
23121399,AVISO_SIN_RE_PREMIUM,11460338,4
23121400,AVISO_SIN_RE_RENNER,11460338,4
23121401,AVISO_SIN_RE_TRANSP,11460338,4
35589832,AVISO_SIN_SEGURO_BIKE_RD_RE,11460338,4
23121292,AVISO_SIN_TRANSP_PORTO,11460336,4
23121293,AVISO_SIN_VIDROS_ITAU,11466303,4
23121294,AVISO_SIN_VIDROS_PORTO,11466303,4
23121297,AVISO_SINISTRO_SUP,11460337,4
20907985,Callback,11460273,4
31507453,CARTAO_AEC_DIG_SUP,11461004,4
29220909,CARTAO_AR_BLOQUEIOS_FIS,11460540,4
29220910,CARTAO_AR_COMPRA_DEBITO_FIS,11460540,4
29220915,CARTAO_AR_FIS_SUP,11460541,4
29220912,CARTAO_AR_GERAL_FIS,11460540,4
31545803,CARTAO_AR_PREMIUM,11466110,4
31545842,CARTAO_AR_PRIVATE,11466127,4
29220913,CARTAO_AR_SAMSUNG_PAY_FIS,11460540,4
29220914,CARTAO_AR_VRM_FIS,11460540,4
29269099,CARTAO_CHAT_CORP_SUP,11460820,4
29220920,CARTAO_CONTESTACAO_FIS_SUP,11460544,4
29220919,CARTAO_CONTESTACAO_GERAL_FIS,11460543,4
31545804,CARTAO_CONTESTACAO_PREMIUM,11466111,4
31545843,CARTAO_CONTESTACAO_PRIVATE,11466128,4
29220864,CARTAO_CORPORATIVO,11460547,4
29269101,CARTAO_DIG_SUP,11460821,4
29220865,CARTAO_EMPRESARIAL,11460547,4
31507188,CARTAO_EMPRESARIAL_SAC,11460547,4
29220867,CARTAO_EMPRESARIAL_SUP,11460548,4
29269596,CARTAO_GSR_APOIO,11460837,4
29220897,CARTAO_N1_AEC_SUP,11460550,4
29220869,CARTAO_N1_CONECTCAR,11460551,4
29220895,CARTAO_N1_CONECTCAR_AEC,11460549,4
29220870,CARTAO_N1_GERAL,11460551,4
29220890,CARTAO_N1_GERAL_AEC,11460549,4
29221172,CARTAO_N1_GERAL_EXCECAO,11460551,4
29221178,CARTAO_N1_GERAL_EXCECAO_AEC,11460549,4
29220871,CARTAO_N1_PCT5,11460551,4
29220892,CARTAO_N1_PCT5_AEC,11460549,4
29220872,CARTAO_N1_PERDA_ROUBO,11460551,4
29220891,CARTAO_N1_PERDA_ROUBO_AEC,11460549,4
29220907,CARTAO_N1_PRODUTOR,11460551,4
29220873,CARTAO_N1_SAMSUNG_PAY,11460551,4
29220893,CARTAO_N1_SAMSUNG_PAY_AEC,11460549,4
29220900,CARTAO_N1_VIP_SUP,11460552,4
29220931,CARTAO_N2_RETENCAO_GERAL,11460553,4
29221045,CARTAO_N2_RETENCAO_TRANSF,11460553,4
29220903,CARTAO_N2_VIP_SUP,11460554,4
31545805,CARTAO_NIVEL2_PREMIUM,11466112,4
31545844,CARTAO_NIVEL2_PRIVATE,11466129,4
29220922,CARTAO_PROPOSTA_FIS,11460555,4
31507068,CARTAO_SUCURSAL,11460551,4
29287213,CARTAO_ULTRA_BAIXO_VALOR_GERAL,11460553,4
29287401,CARTAO_ULTRA_BAIXO_VALOR_N1,11460551,4
29220874,CARTAO_ULTRA_BILINGUE,11460556,4
29220875,CARTAO_ULTRA_CONTA_DIGITAL,11460556,4
29220932,CARTAO_ULTRA_DIRETOR,11460556,4
29220933,CARTAO_ULTRA_GERAL,11460556,4
31545806,CARTAO_ULTRA_PRE_PREMIUM,11466143,4
31545847,CARTAO_ULTRA_PRIVATE,11466130,4
29220877,CARTAO_ULTRA_SUP,11460557,4
20868478,CENTRAL_VIDA,11460097,4
20868481,CENTRAL_VIDA_CANCELAMENTO,11460097,4
20868482,CENTRAL_VIDA_DPVAT,11460097,4
31545824,CENTRAL_VIDA_PREMIUM,11466114,4
31545850,CENTRAL_VIDA_PRIVATE,11466132,4
20868483,CENTRAL_VIDA_RENNER,11460097,4
20868484,CENTRAL_VIDA_SAC_DEC,11460097,4
20868506,CENTRAL_VIDA_SAC_DEC_RENNER,11460097,4
35589185,CENTRAL_VIDA_SIN_AVISO_CLI,11460097,4
31545019,CENTRAL_VIDA_SIN_AVISO_COR,11460098,4
20868479,CENTRAL_VIDA_SIN_POS_CLI,11460097,4
20868489,CENTRAL_VIDA_SINISTRO_CORRETOR,11460098,4
20868510,CENTRAL_VIDA_SINISTRO_EMISSAO,11460098,4
20868488,CENTRAL_VIDA_SINISTRO_RENNER,11460098,4
20868487,CENTRAL_VIDA_SINISTRO_SEGURADO,11460098,4
20868486,CENTRAL_VIDA_SUPERVISAO,11460102,4
20868480,CENTRAL_VIDA_VIAGEM,11460097,4
23121349,CO_ADMINISTRATIVO,11460319,4
20908393,CO_AUTO,11460319,4
29269219,CO_CAS_PRESTADORES,11460824,4
31507671,CO_CAS_PRESTADORES_RESID,11460824,4
20908407,CO_CONFERENCIA,11460319,4
20908397,CO_DANOS_VIATURA,11460319,4
20908398,CO_GERAL,11460319,4
20908399,CO_LIBERACAO_AGENDA,11460319,4
20908400,CO_LOCADORA,11460319,4
20908401,CO_MERCOSUL,11460320,4
20908402,CO_PORTO_SERVICO,11460319,4
20908403,CO_PREMIUM,11460319,4
20908396,CO_RESIDENCIA,11460319,4
20908404,CO_RETENCAO,11460319,4
20908405,CO_SUCURSAIS,11460319,4
20908406,CO_SUP,11460323,4
25166545,COMISSOES_GERAL,11460513,4
25166547,COMISSOES_SUCURSAL,11460513,4
25166548,COMISSOES_SUP,11460516,4
29220879,CONQUISTA_GERAL,11460553,4
25166198,CONSORCIO_APOIO_OPER,11460462,4
31545005,CONSORCIO_APOIO_OPER_AEC,11461036,4
35589170,CONSORCIO_APOIO_OPER_KON,11466186,4
25166193,CONSORCIO_BOLETO,11460462,4
31545008,CONSORCIO_BOLETO_AEC,11461036,4
35589172,CONSORCIO_BOLETO_KON,11466186,4
25166194,CONSORCIO_COBRANCA,11460462,4
31545012,CONSORCIO_COBRANCA_AEC,11461036,4
35589176,CONSORCIO_COBRANCA_KON,11466186,4
25166195,CONSORCIO_COR_GERAL,11460462,4
31545009,CONSORCIO_COR_GERAL_AEC,11461036,4
35589173,CONSORCIO_COR_GERAL_KON,11466186,4
25166196,CONSORCIO_COR_SP_CAPITAL,11460462,4
31545010,CONSORCIO_COR_SP_CAPITAL_AEC,11461036,4
35589174,CONSORCIO_COR_SP_CAPITAL_KON,11466186,4
25166199,CONSORCIO_COR_SP_INTERIOR,11460462,4
31545011,CONSORCIO_COR_SP_INTERIOR_AEC,11461036,4
35589175,CONSORCIO_COR_SP_INTERIOR_KON,11466186,4
25166203,CONSORCIO_COTA,11460462,4
31545013,CONSORCIO_COTA_AEC,11461036,4
35589177,CONSORCIO_COTA_KON,11466186,4
25166205,CONSORCIO_GERAL,11460462,4
31545007,CONSORCIO_GERAL_AEC,11461036,4
35589171,CONSORCIO_GERAL_KON,11466186,4
25166206,CONSORCIO_LANCE,11460462,4
31545014,CONSORCIO_LANCE_AEC,11461036,4
35589178,CONSORCIO_LANCE_KON,11466186,4
31545825,CONSORCIO_PREMIUM,11466115,4
31545826,CONSORCIO_PREMIUM_AEC,11466116,4
31545851,CONSORCIO_PRIVATE,11466133,4
31545852,CONSORCIO_PRIVATE_AEC,11466134,4
25166204,CONSORCIO_RNP_BACEN,11460462,4
31545015,CONSORCIO_RNP_BACEN_AEC,11461036,4
35589179,CONSORCIO_RNP_BACEN_KON,11466186,4
25166200,CONSORCIO_SUP,11460464,4
31545017,CONSORCIO_SUP_AEC,11461037,4
35589182,CONSORCIO_SUP_KON,11466186,4
29220880,CONTA_DIGITAL_GERAL,11460553,4
31507190,CONTA_DIGITAL_PJ,11460547,4
31507189,CONTA_DIGITAL_PJ_SAC,11460547,4
35589186,DESAT_CENTRAL_VIDA_SIN_POS_CLI,11460097,4
31544985,Desconexão_1130039303,11460273,4
20868494,EMISSAO_VIDA,11460099,4
20868498,EMISSAO_VIDA_EMP,11460105,4
20868514,EMISSAO_VIDA_EMP_MOVIMENTACAO,11460105,4
20868508,EMISSAO_VIDA_EMP_POTENC_APOIO,11460105,4
20868513,EMISSAO_VIDA_EMP_SUCURSAIS,11460105,4
20907867,EMISSAO_VIDA_EMP_SUPERVISAO,11460105,4
20868496,EMISSAO_VIDA_INDIVIDUAL,11460099,4
20908124,EMISSAO_VIDA_SUPERVISAO,11460301,4
20868495,EMISSAO_VIDA_VIAGEM_CORRETOR,11460099,4
25166550,FINANCEIRO_AUTO,11460515,4
25166551,FINANCEIRO_AZUL,11460514,4
25166553,FINANCEIRO_AZUL_R3,11460514,4
25166554,FINANCEIRO_AZUL_SUP,11460516,4
35589835,FINANCEIRO_BANK,11460515,4
25166556,FINANCEIRO_FIANCA,11460515,4
25166557,FINANCEIRO_GERAL,11460515,4
25166559,FINANCEIRO_PMO,11460515,4
25166560,FINANCEIRO_PORTO_SUP,11460516,4
31545827,FINANCEIRO_PREMIUM,11466117,4
31545853,FINANCEIRO_PRIVATE,11466135,4
35589836,FINANCEIRO_PRODUCAO,11460515,4
25166562,FINANCEIRO_RE,11460515,4
25166563,FINANCEIRO_SAUDE,11460515,4
25166564,FINANCEIRO_SUCURSAL,11460515,4
25166565,FINANCEIRO_VIDA,11460515,4
20868458,FINANCIAMENTO_ANTECIPACAO,11460095,4
25166105,FINANCIAMENTO_CAP,11460095,4
20868459,FINANCIAMENTO_CONTRATACAO,11460095,4
20868460,FINANCIAMENTO_GERAL,11460095,4
25166117,FINANCIAMENTO_PORTOCAP,11460095,4
31545828,FINANCIAMENTO_PREMIUM,11466118,4
31545854,FINANCIAMENTO_PRIVATE,11466136,4
20868463,FINANCIAMENTO_PRODUTOR,11460095,4
20868673,FINANCIAMENTO_PRORROG_PARCELA,11460095,4
20868462,FINANCIAMENTO_REPROG_CONTRATO,11460095,4
20868461,FINANCIAMENTO_SAC_DEC,11460095,4
20868672,FINANCIAMENTO_SITUACAO_PROP,11460095,4
20908123,FINANCIAMENTO_SUPERVISAO,11460096,4
20868581,HABILITADOR_INBOUND,11460089,4
25166232,HABILITADOR_SalesForce,11460089,4
35589713,HD_180SEG,11460502,4
25166417,HD_ANGELONI,11460502,4
25166419,HD_AXA,11460502,4
25166420,HD_AXA_PERNAMBUCANAS,11460502,4
25166421,HD_AXA_RIACHUELO,11460502,4
25166422,HD_AXA_UNIMED,11460502,4
25166423,HD_BANESTES,11460502,4
25166424,HD_BIG,11460502,4
25166425,HD_BIG_REMOTO,11460502,4
25166426,HD_C_A,11460502,4
25166427,HD_CARREFOUR,11460502,4
25166428,HD_CARREFOUR_ECOM,11460502,4
25166429,HD_CARREFOUR_ECOM_EDUC,11460502,4
25166430,HD_CARREFOUR_TT,11460502,4
25166431,HD_CASA_VIDEO,11460502,4
25166432,HD_CASA_VIDEO_TRANSF,11460502,4
25166433,HD_CASAS_BAHIA,11460502,4
35589830,HD_CLUBE_BENEFICIOS,11460502,4
25166434,HD_CNOVA,11460502,4
25166435,HD_CNOVA_CASACONECT,11460502,4
25166289,HD_CORRETOR_DESB_COL,11460477,4
25166290,HD_CORRETOR_GERAL,11460477,4
25166291,HD_CORRETOR_ITAU,11460477,4
25166293,HD_CORRETOR_SUP,11460478,4
25166436,HD_EZZE,11460502,4
25166437,HD_FAMILHAO,11460502,4
25166438,HD_IMPERIO,11460502,4
25166439,HD_ITAU,11460502,4
35629212,HD_ITAU_AXA,11460502,4
25166440,HD_ITAU_CASA,11460502,4
25166441,HD_ITAU_PERSONNALITE,11460502,4
25166442,HD_KALUNGA,11460502,4
25166443,HD_KALUNGA_PORTO,11460502,4
25166444,HD_LASA,11460502,4
29269646,HD_LEBES,11460502,4
25166445,HD_LUCONECTA,11460502,4
25166446,HD_MAGAZINE_LUIZA,11460502,4
25166447,HD_MANUTENCAO,11460502,4
25166448,HD_MSMAIS,11460502,4
25166449,HD_MSMAIS_REMOTO,11460502,4
25166450,HD_NAGEM,11460502,4
25166451,HD_PEFISA,11460502,4
25166452,HD_PEFISA_BANCA_PREM,11460502,4
25166453,HD_PEFISA_PROT_DIG,11460502,4
25166454,HD_PERNAMBUCANAS,11460502,4
25166455,HD_PERNAMBUCANAS_ORGANIZER,11460502,4
25166456,HD_PERNAMBUNCANAS_AXA_PREM,11460502,4
31545089,HD_PLAN_ASSIS_B2C,11460502,4
25166457,HD_PONTO_FRIO,11460502,4
25166458,HD_PORTAL_PRESTADOR,11460502,4
25166459,HD_PORTO_GERAL,11460502,4
25166460,HD_PORTO_PLUS_PORTO_SOCORRO,11460502,4
31545829,HD_PORTO_PREMIUM,11466119,4
31545855,HD_PORTO_PRIVATE,11466137,4
25166461,HD_SAC,11460502,4
25166462,HD_SAFRA_CASA,11460502,4
25166463,HD_SAMS,11460502,4
25166464,HD_SAMS_REMOTO,11460502,4
25166465,HD_SANTANDER,11460502,4
25166466,HD_SUPERVISAO,11460503,4
25166467,HD_SUPORTE,11460502,4
29269497,HD_SUPORTE_SAUDE,11460502,4
25166468,HD_TERRA,11460502,4
29269496,HD_TICKET,11460502,4
25166469,HD_TOAKI,11460502,4
25166470,HD_TOKIO_MARINE,11460502,4
25166471,HD_TOKIO_MARINE_AUTO,11460502,4
25166472,HD_UNIMED,11460502,4
25166473,HD_VIVO,11460502,4
25166474,HD_VIVO_ASSIST,11460502,4
25166475,HD_VIVO_ASSIST_AV,11460502,4
25166476,HD_VIVO_FIBRA,11460502,4
25166477,HD_VIVO_GURU,11460502,4
25166478,HD_VIVO_GURU_PJ,11460502,4
20868813,HOMOLOG_AGENT,11460090,4
20868811,HOMOLOG_TREINAMENTO,11460090,4
23120985,JORNADA_AUTO_CARRO_RES_ITAU,11460336,4
23120986,JORNADA_AUTO_CARRO_RES_PORTO,11460336,4
23120987,JORNADA_AUTO_GERAL_AZUL,11460336,4
23120988,JORNADA_AUTO_GERAL_ITAU,11460336,4
23120989,JORNADA_AUTO_GERAL_MITSUI,11460336,4
23120990,JORNADA_AUTO_GERAL_PORTO,11460336,4
23120991,JORNADA_AUTO_LOCALIZA_AZUL,11460336,4
23120992,JORNADA_AUTO_LOCALIZA_PORTO,11460336,4
31545830,JORNADA_AUTO_PREMIUM,11466120,4
31545856,JORNADA_AUTO_PRIVATE,11466138,4
23121023,JORNADA_AUTO_PRO_CAR_RES_AZUL,11460336,4
23121024,JORNADA_AUTO_PRO_CAR_RES_MITSU,11460336,4
23121025,JORNADA_AUTO_PRO_LCZA_PORTO,11460336,4
23121026,JORNADA_AUTO_RET_LCZA_MITSUI,11460336,4
23121027,JORNADA_AUTO_RET_LCZA_PORTO,11460336,4
23120994,JORNADA_AUTO_RET_LOCALIZA_AZUL,11460336,4
23120995,JORNADA_AUTO_RET_LOCALIZA_ITAU,11460336,4
25166324,JORNADA_AUTO_SIN_AZUL,11460336,4
25166323,JORNADA_AUTO_SIN_ITAU,11460336,4
25166322,JORNADA_AUTO_SIN_PORTO,11460336,4
23120996,JORNADA_AUTO_SUP,11460337,4
23120998,JORNADA_RE_GERAL_ITAU,11460338,4
23120999,JORNADA_RE_GERAL_PORTO,11460338,4
35589077,JORNADA_RE_PREMIUM,11466121,4
31545857,JORNADA_RE_PRIVATE,11466139,4
23121001,JORNADA_RE_RET_SERVICOS_ITAU,11460338,4
23121002,JORNADA_RE_RET_SERVICOS_PORTO,11460338,4
25166326,JORNADA_RE_SIN_ITAU,11460338,4
25166325,JORNADA_RE_SIN_PORTO,11460338,4
23121003,JORNADA_RE_SUP,11460339,4
23121295,MANUTENCAO_PREDIAL_PORTO,11460336,4
23121020,MENU_REDUZIDO_RE_PORTO,11460338,4
31507231,NO_AGENTS_ACESSO_SAUDE,11460273,4
29221498,NO_AGENTS_ADQUIRENTE,11460273,4
31507232,NO_AGENTS_AMAZON,11460273,4
31507233,NO_AGENTS_AMERICANAS,11460273,4
31507234,NO_AGENTS_ANGELONI,11460273,4
23121273,NO_AGENTS_ASSISTENCIA_24HS,11460273,4
23121351,NO_AGENTS_AUTO_FROTA,11460273,4
23121350,NO_AGENTS_AUTO_PREMIUM,11460273,4
31507235,NO_AGENTS_AUTOPASS,11460273,4
23121348,NO_AGENTS_AVIS_SINIS_JORN_AUTO,11460273,4
31507237,NO_AGENTS_AXAASSISTFUNERAL,11460273,4
31507238,NO_AGENTS_AXAASSISTFUNERALPNB,11460273,4
31507240,NO_AGENTS_AXADESENCANA,11460273,4
31507239,NO_AGENTS_AXAEMPRESARIAL,11460273,4
31507236,NO_AGENTS_AXAITAU,11460273,4
31507241,NO_AGENTS_AXASEGSAC,11460273,4
31507242,NO_AGENTS_B2C,11460273,4
31507243,NO_AGENTS_BANCOBV,11460273,4
31507245,NO_AGENTS_BANCODOBRASIL,11460273,4
31507244,NO_AGENTS_BIGRESOLVE,11460273,4
31507246,NO_AGENTS_BRNACBANESTESAUTO,11460273,4
31507249,NO_AGENTS_CALCARD OUZE,11460273,4
31507251,NO_AGENTS_CARREFOUR,11460273,4
31507250,NO_AGENTS_CARREFOUR_ECOMMERCE,11460273,4
31507252,NO_AGENTS_CARREFOURTTRANSF,11460273,4
29221476,NO_AGENTS_CARTAO_AR_VRM_FIS,11460273,4
29221477,NO_AGENTS_CARTAO_N1_GERAL,11460273,4
29221475,NO_AGENTS_CARTAO_N1_GERAL_AEC,11460273,4
31507254,NO_AGENTS_CASADOSUPORTE,11460273,4
31507255,NO_AGENTS_CASAEVIDEO,11460273,4
31507256,NO_AGENTS_CASASBAHIA,11460273,4
31507257,NO_AGENTS_CASASBAHIASS,11460273,4
31507253,NO_AGENTS_CASPRESTADORES,11460273,4
31507258,NO_AGENTS_CASSOL_CENTERLAR,11460273,4
20907987,NO_AGENTS_CDC_FINANCIAMENTO,11460273,4
31507247,NO_AGENTS_CEA,11460273,4
31507259,NO_AGENTS_CENTASACEVIVO,11460273,4
23121262,NO_AGENTS_CENTRAL_ASSIST_1,11460273,4
23121263,NO_AGENTS_CENTRAL_ASSIST_2,11460273,4
20907993,NO_AGENTS_CENTRAL_VIDA_RENNER,11460273,4
20907994,NO_AGENTS_CENTRAL_VIDA_SAC_DEC,11460273,4
31507260,NO_AGENTS_CNOVA,11460273,4
31507261,NO_AGENTS_CNP_CARREFOUR,11460273,4
23120688,NO_AGENTS_CO,11460273,4
31507262,NO_AGENTS_COMGAS,11460273,4
25166583,NO_AGENTS_COMISSOES,11460273,4
31507263,NO_AGENTS_CONDOR,11460273,4
29221494,NO_AGENTS_CONQUISTA_CONSULTORI,11460273,4
25166227,NO_AGENTS_CONSORCIO,11460273,4
31507264,NO_AGENTS_COPAENERGIA,11460273,4
31507248,NO_AGENTS_CRELPROTPLUS2,11460273,4
35589707,NO_AGENTS_DDR_GERAL,11460273,4
31507265,NO_AGENTS_ELSYS_ASSISTENCIA,11460273,4
29221484,NO_AGENTS_EMISSAO_ODONTO,11460273,4
29221485,NO_AGENTS_EMISSAO_SAUDE_COR,11460273,4
20907980,NO_AGENTS_EMISSAO_VIDA,11460273,4
20907997,NO_AGENTS_EMISSAO_VIDA_EMP,11460273,4
31507266,NO_AGENTS_EXTRAFILTRODEAR,11460273,4
31507267,NO_AGENTS_FAMILHAO,11460273,4
25166582,NO_AGENTS_FINANCEIRO,11460273,4
29221486,NO_AGENTS_FSI_RELAC_SAO_PAULO,11460273,4
31507268,NO_AGENTS_GBARBOSA,11460273,4
31507269,NO_AGENTS_GIRAFA,11460273,4
31507270,NO_AGENTS_GLOBAL_ASS_TRANS,11460273,4
25166386,NO_AGENTS_HD_CORRETORES,11460273,4
31507271,NO_AGENTS_HELP_TROC_SORTE,11460273,4
31507314,NO_AGENTS_HELPTECVIAVAREJO,11460273,4
31507272,NO_AGENTS_IMPERIO_SOLUCOES,11460273,4
31507186,NO_AGENTS_IN_TRANSF_ANONYMOUS,11460994,4
31507187,NO_AGENTS_INSPETORIA_RT,11460700,4
31507273,NO_AGENTS_ITAUSEGUROSHELPDESK,11460273,4
31507274,NO_AGENTS_KABUM,11460273,4
31507276,NO_AGENTS_KALUNGA,11460273,4
31507275,NO_AGENTS_KALUNGAHELPDESK,11460273,4
31507277,NO_AGENTS_KOERICH,11460273,4
31507278,NO_AGENTS_LASA_AMERICANAS_HD,11460273,4
31507279,NO_AGENTS_LASA_LOJASAMERICANAS,11460273,4
31507280,NO_AGENTS_LEBES,11460273,4
31507281,NO_AGENTS_LUCONECTA,11460273,4
31507282,NO_AGENTS_MACAVI,11460273,4
29221487,NO_AGENTS_MEDI_PREV_INDISP_URA,11460273,4
31507290,NO_AGENTS_MEDIAL_VID_TRANQ,11460273,4
31507291,NO_AGENTS_MERCADOLIVRE,11460273,4
31507292,NO_AGENTS_METLIFE_YAMAHA,11460273,4
31507293,NO_AGENTS_MISSAODIGITAL,11460273,4
31507283,NO_AGENTS_ML_CANALDIRETO,11460273,4
31507284,NO_AGENTS_ML_CASA_PROTEGIDA,11460273,4
31507285,NO_AGENTS_ML_ECOMMERCE,11460273,4
31507286,NO_AGENTS_ML_LU_CONECTA,11460273,4
31507464,NO_AGENTS_ML_MAGALU_CARDIF,11460273,4
31507287,NO_AGENTS_ML_MAGALU_RESOLVE,11460273,4
31507288,NO_AGENTS_ML_MAGALU_SOLUCOES,11460273,4
31507289,NO_AGENTS_ML_ROUBOFURTO,11460273,4
31507294,NO_AGENTS_MS_MAIS,11460273,4
31507295,NO_AGENTS_NAGEM,11460273,4
29269614,NO_AGENTS_NEGOC_TLMKT CORRE,11460273,4
25166517,NO_AGENTS_NUCLEO_EMISSAO_RE,11460273,4
25166387,NO_AGENTS_NUCLEO_NEGOCIOS_AUTO,11460273,4
23121512,NO_AGENTS_NUCLEO_SINISTRO_AUTO,11460273,4
23121543,NO_AGENTS_NUCLEO_SINISTRO_RE,11460273,4
29269611,NO_AGENTS_OD ITAU CORRE ENDOSS,11460273,4
29269612,NO_AGENTS_OD ITAU CORRE RENOVA,11460273,4
29269077,NO_AGENTS_OD_ACEI_AUTO_ESTRATE,11460273,4
29269076,NO_AGENTS_OD_ASSESSO_JURIDICA,11460273,4
29269615,NO_AGENTS_OD_CANAL_BANCO,11460273,4
29269752,NO_AGENTS_OD_CARTAO_SAC,11460273,4
29269749,NO_AGENTS_OD_CIOPS_SEVERIDADE,11460273,4
29269748,NO_AGENTS_OD_COML_CANAL_FRANQ,11460273,4
29221336,NO_AGENTS_OD_CONSORCIO_CORRETO,11460273,4
29269616,NO_AGENTS_OD_HUB_SEGUROS_COMER,11460273,4
29269074,NO_AGENTS_OD_INSPE_DENUNCIA,11460273,4
29269613,NO_AGENTS_OD_ITAU CORRE RESID,11460273,4
29269078,NO_AGENTS_OD_LICI_DEMAIS_PRODU,11460273,4
29269747,NO_AGENTS_OD_NCP,11460273,4
29269075,NO_AGENTS_OD_OUVIDORIA,11460273,4
29269754,NO_AGENTS_OD_PORTO_SOCORR_RELA,11460273,4
29269750,NO_AGENTS_OD_PREVE_FRAUDE_AUTO,11460273,4
29221333,NO_AGENTS_OD_RASTREADOR_LOCALI,11460273,4
29221334,NO_AGENTS_OD_RASTREADOR_SUPORT,11460273,4
29269079,NO_AGENTS_OD_REGULACAO_SUPORTE,11460273,4
29269744,NO_AGENTS_OD_RENOVA_ECOPECAS,11460273,4
29221335,NO_AGENTS_OD_RFC,11460273,4
29269751,NO_AGENTS_OD_RH_ATENDIMENTO,11460273,4
29269745,NO_AGENTS_OD_SALVADOS,11460273,4
29287416,NO_AGENTS_OD_SEGURANCA_CORPORA,11460273,4
29269080,NO_AGENTS_OD_SIN_AUTO_ANA_ELET,11460273,4
29269081,NO_AGENTS_OD_SIN_AUTO_CE_ES_DM,11460273,4
29269082,NO_AGENTS_OD_SIN_AUTO_LIQUI_II,11460273,4
29269083,NO_AGENTS_OD_SIN_AUTO_PE_PA_PR,11460273,4
29269084,NO_AGENTS_OD_SIN_AUTO_PERD_PAR,11460273,4
29269085,NO_AGENTS_OD_SIN_ESP_PREMIUM,11460273,4
29269086,NO_AGENTS_OD_SIN_FROTA_II,11460273,4
29269087,NO_AGENTS_OD_SIN_IND_INT_CO_SG,11460273,4
29269088,NO_AGENTS_OD_SIN_OFICINA_TRADI,11460273,4
29269753,NO_AGENTS_OD_SINDICANCIA,11460273,4
29269755,NO_AGENTS_OD_SINIS_PRESTADORES,11460273,4
29269743,NO_AGENTS_OD_SUCURSAL,11460273,4
29269746,NO_AGENTS_OD_SUPORTE_COMERC_SP,11460273,4
25166388,NO_AGENTS_ODONTO_SAUDE,11460273,4
23121268,NO_AGENTS_PA_SINISTRO_1,11460273,4
23121269,NO_AGENTS_PA_SINISTRO_2,11460273,4
31507296,NO_AGENTS_PAO_DE_ACUCAR,11460273,4
31507297,NO_AGENTS_PARCEIROS,11460273,4
31507298,NO_AGENTS_PEFISA_AM_BP,11460273,4
31507299,NO_AGENTS_PEFISA_PROTECAO_DIG,11460273,4
31507300,NO_AGENTS_PERNAMBUCANAS_AM,11460273,4
31507302,NO_AGENTS_PERNAMBUCANAS_PD,11460273,4
31507301,NO_AGENTS_PERNAMBUCANAS_PO,11460273,4
31507303,NO_AGENTS_PLATINUM_ASSISTANCE,11460273,4
31507305,NO_AGENTS_PONTO FRIOSS,11460273,4
31507304,NO_AGENTS_PONTOFRIO,11460273,4
31507311,NO_AGENTS_PRESTADORES_CAS,11460273,4
31507312,NO_AGENTS_PRESTADORES_COMGAS,11460273,4
31507313,NO_AGENTS_PRESTADORES_REDE,11460273,4
20907995,NO_AGENTS_PREVIDENCIA_COMERCIA,11460273,4
20907992,NO_AGENTS_PREVIDENCIA_SAC_DEC,11460273,4
23121266,NO_AGENTS_PRODUTO_ESPEC_1,11460273,4
23121267,NO_AGENTS_PRODUTO_ESPEC_2,11460273,4
31507306,NO_AGENTS_PS_CESTA_NAT_PANCO,11460273,4
31507307,NO_AGENTS_PS_CTN,11460273,4
31507309,NO_AGENTS_PS_FUNERAL,11460273,4
31507308,NO_AGENTS_PS_FUNERAL_TRANSF_P,11460273,4
31507310,NO_AGENTS_PS_HARPISUL_FUNERAL,11460273,4
31507316,NO_AGENTS_QUALIDADE_COMGAS,11460273,4
31507315,NO_AGENTS_QUALIDADE_SAC,11460273,4
31507317,NO_AGENTS_RE_ECOMMERCE,11460273,4
29221491,NO_AGENTS_RE_INSPECAO,11460273,4
29221492,NO_AGENTS_RE_SINIST_POS_CLIENT,11460273,4
31507318,NO_AGENTS_RESERVA_5937,11460273,4
25166208,NO_AGENTS_RFC,11460273,4
31507319,NO_AGENTS_RIACHUELO_MOTO,11460273,4
20907986,NO_AGENTS_SAC_CDC,11460273,4
20907966,NO_AGENTS_SAC_DEC_PREVIDENCIA,11460273,4
20907965,NO_AGENTS_SAC_DECRETO_VIDA,11460273,4
31507320,NO_AGENTS_SAC_LOJISTAS,11460273,4
31507321,NO_AGENTS_SAMS_RESOLVE,11460273,4
23121312,NO_AGENTS_SANTANDER_INTER,11460273,4
29221495,NO_AGENTS_SAU_CANAL_MED_TRANSB,11460273,4
29221488,NO_AGENTS_SAU_COMERCIAL_DUVIDA,11460273,4
29221483,NO_AGENTS_SAUDE_CANAL_MEDICO_T,11460273,4
29221489,NO_AGENTS_SAUDE_OCUPACION_RELA,11460273,4
29221490,NO_AGENTS_SAUDE_RELACIONAMENTO,11460273,4
31507322,NO_AGENTS_SERV_ASSISTENCIA_1,11460273,4
25166581,NO_AGENTS_SERVICO_CONVENIENCIA,11460273,4
31507323,NO_AGENTS_SHOPTIME_SA,11460273,4
31507324,NO_AGENTS_SOUBARATO_SA,11460273,4
31507325,NO_AGENTS_SUBMARINO_SA,11460273,4
23121264,NO_AGENTS_SUPERLINHA_1,11460273,4
23121265,NO_AGENTS_SUPERLINHA_2,11460273,4
31507326,NO_AGENTS_SUPORTESAUDE,11460273,4
31507327,NO_AGENTS_TECTOTAL,11460273,4
31507328,NO_AGENTS_TELEVENDAS_TECTOTAL,11460273,4
31507330,NO_AGENTS_TELHANORTE_ATD,11460273,4
31507329,NO_AGENTS_TELHANORTE_FUNELEIRO,11460273,4
31507331,NO_AGENTS_TESTE_COMGAS,11460273,4
31507332,NO_AGENTS_TICKET_ASSISTENCIA,11460273,4
31507333,NO_AGENTS_TOKIO_MARINE,11460273,4
31545791,NO_AGENTS_TRANSF_ADDREESS_BOOK,11460273,4
31545885,NO_AGENTS_TRANSF_MATRIZ,11460273,4
31507633,NO_AGENTS_TRANSF_TERRA_PORTO,11460273,4
31507334,NO_AGENTS_TRANSFERENCIA_TERRA,11460273,4
29221493,NO_AGENTS_TRANSP_AVERBACAO_TEL,11460273,4
31507336,NO_AGENTS_UNIMED_ASSIST_C_0800,11460273,4
31507335,NO_AGENTS_UNIMED_ASSIST_CESTA,11460273,4
31507337,NO_AGENTS_UNIMED_HELPDESK,11460273,4
31507338,NO_AGENTS_URA_PORTO_ITAU_PERSO,11460273,4
20907967,NO_AGENTS_VIDA_E_PREVIDENCIA,11460273,4
20907977,NO_AGENTS_VIDA_RETENCAO_OPERAC,11460273,4
20907976,NO_AGENTS_VIDA_SAC_GESTOR,11460273,4
20907996,NO_AGENTS_VIDA_SUPORTE_COMERCI,11460273,4
31507339,NO_AGENTS_VIP_VIA_VAREJO,11460273,4
31507340,NO_AGENTS_VIVO_ASSIST_CASA,11460273,4
31507341,NO_AGENTS_VIVO_HOMEFIX,11460273,4
31507342,NO_AGENTS_VIVO_VIVOGURU,11460273,4
31507344,NO_AGENTS_ZURICH_RE_PROF_VIVO,11460273,4
31507343,NO_AGENTS_ZURICH_RECOLOCACAO,11460273,4
25166327,NUC_EMISSAO_AZUL_SUP,11460487,4
25166348,NUC_NEG_FROTA_GERAL,11460480,4
25166346,NUC_NEG_FROTA_LICITACAO,11460480,4
25166347,NUC_NEG_FROTA_PRODUCAO,11460480,4
25166343,NUC_NEG_GERAL,11460480,4
25166344,NUC_NEG_RCTRVI,11460480,4
25166345,NUC_NEG_RENOVACAO,11460480,4
25166310,NUC_NEG_SUP,11460488,4
23121324,NUC_SIN_ASSIST_AUTO_PREMIUM,11460375,4
23121389,NUC_SIN_AUTO_AZUL_SUP,11460405,4
23121361,NUC_SIN_AUTO_HDSOMA,11460359,4
23121362,NUC_SIN_AUTO_ITAU,11460359,4
23121363,NUC_SIN_AUTO_MITSUI,11460359,4
23121364,NUC_SIN_AUTO_PORTO,11460359,4
31545831,NUC_SIN_AUTO_PRE_PREMIUM,11466123,4
31545860,NUC_SIN_AUTO_PRE_PRIVATE,11466140,4
23121326,NUC_SIN_AUTO_PREMIUM,11460375,4
29220862,NUC_SIN_AUTO_PREMIUM_SINCOR,11460375,4
25166099,NUC_SIN_AUTO_PREMIUM_VIAGEM,11460375,4
23121384,NUC_SIN_AUTO_SUCURSAL,11460359,4
23121379,NUC_SIN_AUTO_SUP,11460360,4
23121365,NUC_SIN_CORRETOR_PORTO,11460359,4
23121383,NUC_SIN_FORNEC_PECAS_ITAU,11460359,4
23121366,NUC_SIN_FORNEC_PECAS_PORTO,11460359,4
23121367,NUC_SIN_FROTA_MITSUI,11460359,4
23121368,NUC_SIN_FROTA_PORTO,11460359,4
23121369,NUC_SIN_OFICINAS_ITAU,11460359,4
23121370,NUC_SIN_PAGAMENTO,11460359,4
23121371,NUC_SIN_POS_AUTO_AZUL,11460404,4
23121372,NUC_SIN_POS_AUTO_PREMIUM,11460359,4
23121385,NUC_SIN_POS_AUTO_R3_AZUL,11460404,4
23121373,NUC_SIN_POS_FROTA_PORTO,11460359,4
23121327,NUC_SIN_PROD_AUTO_PREMIUM,11460375,4
23121374,NUC_SIN_PRODUTOR,11460359,4
23121375,NUC_SIN_TRANSF_APP_RCF,11460359,4
23121376,NUC_SIN_TRANSF_RCO,11460359,4
23121377,NUC_SIN_VISTORIA,11460359,4
25166328,NUC_TECNICO_AZUL_SUP,11460489,4
25166363,NUCLEO_RE_ACEITACAO_AGRO,11460494,4
25166364,NUCLEO_RE_ACEITACAO_COND,11460494,4
25166365,NUCLEO_RE_ACEITACAO_EMPRESA,11460494,4
25166366,NUCLEO_RE_ACEITACAO_PORTATEIS,11460494,4
25166367,NUCLEO_RE_ACEITACAO_RC,11460494,4
25166368,NUCLEO_RE_ACEITACAO_RD,11460494,4
25166369,NUCLEO_RE_ACEITACAO_RESID,11460494,4
25166370,NUCLEO_RE_EMISSAO_AGRO,11460494,4
25166371,NUCLEO_RE_EMISSAO_COND,11460494,4
25166372,NUCLEO_RE_EMISSAO_EMPRESA,11460494,4
25166362,NUCLEO_RE_EMISSAO_HD,11460494,4
25166360,NUCLEO_RE_EMISSAO_IMOBILIARIA,11460494,4
25166373,NUCLEO_RE_EMISSAO_PORTATEIS,11460494,4
25166377,NUCLEO_RE_EMISSAO_PROD,11460494,4
25166374,NUCLEO_RE_EMISSAO_RC,11460494,4
25166375,NUCLEO_RE_EMISSAO_RD,11460494,4
25166376,NUCLEO_RE_EMISSAO_RESID,11460494,4
25166378,NUCLEO_RE_GERAL,11460494,4
25166361,NUCLEO_RE_IMOBILIARIA,11460494,4
25166379,NUCLEO_RE_SUP,11460495,4
23121411,NUCLEO_SIN_RE_SUP,11460362,4
35629209,NUCLEO_SINISTRO_AUTO_GSA,11460359,4
35629211,NUCLEO_SINISTRO_AUTO_GSA_PREM,11460359,4
35629210,NUCLEO_SINISTRO_AUTO_GSA_PRIV,11460359,4
29221286,OD_CANAL_BANCO_WORKSITE,11460594,4
29221693,OD_CANAL_FRANQUIAS,11460760,4
29221416,OD_CANAL_MEDICO,11460657,4
29221287,OD_CARTAO_ADQUIRENTE_DUV,11460596,4
29221290,OD_CARTAO_ADQUIRENTE_PROP,11460596,4
29221292,OD_CARTAO_ADQUIRENTE_RECEB,11460596,4
35589997,OD_CARTAO_PRIVILEGE_AG01,11466297,4
35589998,OD_CARTAO_PRIVILEGE_AG02,11466297,4
35590000,OD_CARTAO_PRIVILEGE_GERAL,11466297,4
29221696,OD_CIOPS_SEVERIDADE,11460761,4
29221294,OD_CONQUISTA_CONSULT,11460597,4
29221295,OD_CONQUISTA_CONSULT_DIGITAL_1,11460597,4
29221296,OD_CONQUISTA_CONSULT_DIGITAL_2,11460597,4
29221298,OD_CONQUISTA_CONSULT_DIGITAL_3,11460597,4
29221482,OD_CONQUISTA_CONSULTORIA OD_SA,11460273,4
29221303,OD_CONQUISTA_PARCEIROS,11460599,4
29221304,OD_CONQUISTA_PARCEIROS_AR,11460599,4
29221150,OD_CONSORCIO_COR_ELITE,11460583,4
29221151,OD_CONSORCIO_COR_GRANDES,11460583,4
29221153,OD_CONSORCIO_COR_PORTO_VALE,11460583,4
29221418,OD_EMISSAO_ODONTO,11460658,4
29221420,OD_EMISSAO_ODONTO_NOVAS_EMP,11460658,4
29221422,OD_EMISSAO_SAUDE_COR,11460660,4
29221424,OD_EMISSAO_SAUDE_NOVAS_EMP_COR,11460660,4
29221425,OD_EMISSAO_SAUDE_NOVAS_EMP_RH,11460660,4
29221427,OD_EMISSAO_SAUDE_RH,11460660,4
29221428,OD_FSI_RELAC_GO,11460662,4
29221429,OD_FSI_RELAC_MG,11460662,4
29221431,OD_FSI_RELAC_PR,11460662,4
29221432,OD_FSI_RELAC_PREMIUM,11460662,4
29221433,OD_FSI_RELAC_SP,11460662,4
31544984,OD_HUB_SEGUROS_AILOS,11460600,4
29221308,OD_HUB_SEGUROS_COMERCIAL,11460600,4
35589660,OD_HUB_SEGUROS_SAFRA,11460600,4
29269098,OD_HUB_SEGUROS_VOTORANTIN_END,11460600,4
35590027,OD_IAR_CENTR_ESPEC_PERSON_CX1,11460594,4
35590026,OD_IAR_CENTR_ESPEC_PERSON_CX2,11460594,4
35590028,OD_IAR_CENTR_ESPEC_PERSON_CX3,11460594,4
35589658,OD_IAR_CENTR_ESPEC_PERSON_VN,11460594,4
29221510,OD_INSPETORIA,11460700,4
29221313,OD_ITAU_COR_AUTO_END_AZUL,11460601,4
29221314,OD_ITAU_COR_AUTO_END_BO,11460601,4
29221317,OD_ITAU_COR_AUTO_END_CONT,11460601,4
29221318,OD_ITAU_COR_AUTO_END_ESTOQUE,11460601,4
29221320,OD_ITAU_COR_AUTO_END_ITAU,11460601,4
29221323,OD_ITAU_COR_AUTO_END_PORTO,11460601,4
29221199,OD_ITAU_COR_AUTO_END_SAC,11460601,4
29221200,OD_ITAU_COR_AUTO_RENOV_AZUL,11460602,4
29221201,OD_ITAU_COR_AUTO_RENOV_FIANCA,11460602,4
29221202,OD_ITAU_COR_AUTO_RENOV_ITAU,11460602,4
29221204,OD_ITAU_COR_AUTO_RENOV_PORTO,11460602,4
29221205,OD_ITAU_COR_AUTO_SAC,11460601,4
29221208,OD_ITAU_COR_RENOV_PERSON_AZUL,11460603,4
29221210,OD_ITAU_COR_RENOV_PERSON_ITAU,11460603,4
29221211,OD_ITAU_COR_RENOV_PERSON_PORTO,11460603,4
29221212,OD_ITAU_COR_RESID_CANCEL,11460604,4
29221215,OD_ITAU_COR_RESID_ENDOSSO,11460604,4
29221216,OD_ITAU_COR_RESID_INFO,11460604,4
29221218,OD_ITAU_COR_RESID_RENOV,11460604,4
29221512,OD_LICITACOES_AUTO_EDITAL,11460701,4
29221513,OD_LICITACOES_CORRETOR,11460701,4
29221514,OD_LICITACOES_GERAL,11460701,4
29221515,OD_LICITACOES_GERAL_ED,11460701,4
29221517,OD_LICITACOES_PREGAO,11460701,4
29221518,OD_LICITACOES_PRODUTOR,11460701,4
29221519,OD_LICITACOES_PRODUTOR_AUTO_ED,11460701,4
29221435,OD_MEDICINA_PREV_HOMECARE,11460663,4
29221437,OD_MEDICINA_PREV_PROMOCAO,11460663,4
35629205,OD_MESA_NEGOC_BANK_CARTAO_OUT,11466320,4
29221697,OD_NCP_DEMAIS_ESTADOS,11460773,4
29221699,OD_NCP_DEMAIS_ESTADOS_RECEPCAO,11460773,4
29221700,OD_NCP_MG,11460773,4
29221702,OD_NCP_MG_RECEPCAO,11460773,4
29221703,OD_NCP_RJ,11460773,4
29221705,OD_NCP_RJ_RECEPCAO,11460773,4
29221220,OD_NCP_SP,11460605,4
29221227,OD_NCP_SP_DIG_OUT,11460606,4
29221706,OD_NCP_SP_RECEPCAO,11460773,4
29221707,OD_NCP_SUC_RJ_RIO_BRANCO,11460763,4
29221709,OD_NCP_SUC_SAO_PAULO,11460763,4
29221710,OD_NCP_SUC_SAO_PAULO_II,11460763,4
29221712,OD_NCP_SUC_SAO_PAULO_III,11460763,4
29221520,OD_OUVIDORIA,11460702,4
29221522,OD_OUVIDORIA_INTERNA,11460702,4
29221524,OD_OUVIDORIA_PROCON,11460702,4
29221234,OD_PORTO_NEGOCIOS_ASTI,11460607,4
29221236,OD_PORTO_NEGOCIOS_AUTOMEC,11460607,4
29221237,OD_PORTO_NEGOCIOS_BO,11460608,4
29221238,OD_PORTO_NEGOCIOS_BUFFALO,11460607,4
29221239,OD_PORTO_NEGOCIOS_BYD,11460607,4
29269209,OD_PORTO_NEGOCIOS_CARTAO_PORTO,11460607,4
29221241,OD_PORTO_NEGOCIOS_EVORA,11460607,4
29221242,OD_PORTO_NEGOCIOS_EVORA_CONC,11460607,4
31545685,OD_PORTO_NEGOCIOS_FEDRIZZI,11460607,4
29221243,OD_PORTO_NEGOCIOS_GPNC,11460607,4
35589833,OD_PORTO_NEGOCIOS_GREEN_ENERGY,11460607,4
29269210,OD_PORTO_NEGOCIOS_LOSANGULO,11460607,4
29221245,OD_PORTO_NEGOCIOS_MADRE_SEG,11460607,4
29221246,OD_PORTO_NEGOCIOS_MCLARTY_MAIA,11460607,4
31507705,OD_PORTO_NEGOCIOS_MDS,11460607,4
35589662,OD_PORTO_NEGOCIOS_MERCEDES_END,11460607,4
35589663,OD_PORTO_NEGOCIOS_MERCEDES_NOV,11460607,4
29221247,OD_PORTO_NEGOCIOS_MERCEDES_REN,11460607,4
29221248,OD_PORTO_NEGOCIOS_MEUSEGURO,11460607,4
29287717,OD_PORTO_NEGOCIOS_MIGRA,11460607,4
31545686,OD_PORTO_NEGOCIOS_OPTINSURE,11460607,4
29221250,OD_PORTO_NEGOCIOS_OTTOBONI,11460607,4
29221259,OD_PORTO_NEGOCIOS_PESQUISA,11460607,4
29221263,OD_PORTO_NEGOCIOS_PESSEGO,11460607,4
35589768,OD_PORTO_NEGOCIOS_PORTO_VALE,11460607,4
29221265,OD_PORTO_NEGOCIOS_PRIORE,11460607,4
29221266,OD_PORTO_NEGOCIOS_PROTECTA,11460607,4
29221271,OD_PORTO_NEGOCIOS_PUNCH,11460607,4
29221275,OD_PORTO_NEGOCIOS_PUNCH_END,11460607,4
29269208,OD_PORTO_NEGOCIOS_PUNCH_V_NOVA,11460607,4
31545684,OD_PORTO_NEGOCIOS_QUATTRI,11460607,4
29221278,OD_PORTO_NEGOCIOS_SAC,11460608,4
29221288,OD_PORTO_NEGOCIOS_SAG_SEG_NOVO,11460607,4
29221291,OD_PORTO_NEGOCIOS_SAGA,11460607,4
29221297,OD_PORTO_NEGOCIOS_SEG_FUNC,11460607,4
29221301,OD_PORTO_NEGOCIOS_SEG_FUNC_END,11460607,4
35629362,OD_PORTO_NEGOCIOS_SIMULAR,11460607,4
29221302,OD_PORTO_NEGOCIOS_SMAFF,11460607,4
29287718,OD_PORTO_NEGOCIOS_SOS_RS,11460607,4
29221309,OD_PORTO_NEGOCIOS_TERRACO,11460607,4
29221310,OD_PORTO_NEGOCIOS_UAB_MOTTORS,11460607,4
29221312,OD_PORTO_NEGOCIOS_V12,11460607,4
29221315,OD_PORTO_NEGOCIOS_VALDEREZ,11460607,4
29221316,OD_PORTO_NEGOCIOS_VOLKS_END,11460607,4
29221322,OD_PORTO_NEGOCIOS_VOLKS_NOVO,11460607,4
35589088,OD_REGULAC_TEC_PRE_ELE_FRO_PES,11466169,4
35589089,OD_REGULAC_TEC_SP,11466170,4
29221527,OD_REGULACAO_APOIO_ANALISE,11460706,4
29221529,OD_REGULACAO_CAMINHAO,11460923,4
29221530,OD_REGULACAO_CONCIERGE,11460707,4
29221533,OD_REGULACAO_DNC_ELETRICOS,11460708,4
29221536,OD_REGULACAO_DNC_PREMIUM_FROTA,11460709,4
29221537,OD_REGULACAO_ELETRICOS,11460923,4
29221539,OD_REGULACAO_IMAGEM,11460923,4
29221538,OD_REGULACAO_IMAGEM_FROTA,11460923,4
29221541,OD_REGULACAO_LOGISTICA_ROTEIRO,11460710,4
29221543,OD_REGULACAO_PATIO,11460711,4
29221545,OD_REGULACAO_PREMIUM,11460923,4
29221546,OD_REGULACAO_REDE_PROTECAO,11460923,4
29221547,OD_REGULACAO_REV_ELETRICOS,11460712,4
29221550,OD_REGULACAO_REV_FROTA_PESADOS,11460713,4
29221551,OD_REGULACAO_REV_PREMIUM,11460714,4
29221553,OD_REGULACAO_SUPORTE,11460715,4
29221555,OD_REGULACAO_TAR_ELETRICOS,11460716,4
29221558,OD_REGULACAO_TAR_FROTA_PESADOS,11460717,4
29221559,OD_REGULACAO_TAR_PAG_INDIV,11460718,4
29221561,OD_REGULACAO_TAR_PREMIUM,11460719,4
31545059,OD_REGULACAO_TEC_CAPITAL_SP,11460722,4
31545063,OD_REGULACAO_TEC_CO_MG_ES,11460722,4
29221563,OD_REGULACAO_TEC_ELETRICOS,11460720,4
29221565,OD_REGULACAO_TEC_FROTA_P,11460721,4
29221568,OD_REGULACAO_TEC_INDIVIDUAL,11460722,4
31545060,OD_REGULACAO_TEC_INT_1_LIT_SP,11460722,4
31545062,OD_REGULACAO_TEC_INT_2_SP,11460722,4
31545061,OD_REGULACAO_TEC_MOTOS_BR,11460722,4
31545065,OD_REGULACAO_TEC_NO_NE_RJ,11460722,4
29221569,OD_REGULACAO_TEC_PREMIUM,11460723,4
31545064,OD_REGULACAO_TEC_SUL,11460722,4
29269198,OD_RENOVA_ADM,11460817,4
29269195,OD_RENOVA_COMPRAS_INTERNET,11460817,4
29269196,OD_RENOVA_REMOCAO_PECAS,11460817,4
29269197,OD_RENOVA_VENDAS_PECAS,11460817,4
29221166,OD_RFC_COR_ELITE,11460582,4
29221167,OD_RFC_IMOBILIARIA,11460582,4
29221737,OD_RH_ATENDIMENTO,11460766,4
29221442,OD_RH_ESPACO_SAUDE,11460667,4
29221293,OD_SAC_PORTO_BANK_CARTAO,11460610,4
29221307,OD_SAC_PORTO_BANK_CONSORCIO,11460610,4
29269201,OD_SALVADOS,11460819,4
29221444,OD_SAUDE_COMERCIAL,11460668,4
29221445,OD_SAUDE_COMERCIAL_COTACOES,11460668,4
29221446,OD_SAUDE_COMERCIAL_DEMAIS_EST,11460668,4
29221449,OD_SAUDE_COMERCIAL_VISITAS,11460668,4
29221450,OD_SAUDE_OCUP_CONTAS_MEDICAS,11460670,4
29221452,OD_SAUDE_OCUP_EXAMES_ITAU,11460670,4
29221453,OD_SAUDE_OCUP_FORNECECEDORES,11460670,4
29221455,OD_SAUDE_OCUP_RELACIONAMENTO,11460670,4
29221456,OD_SAUDE_RELAC,11460672,4
29221459,OD_SAUDE_RELAC_POS_VENDAS,11460672,4
29221460,OD_SAUDE_RELAC_REGIONAL,11460672,4
29287406,OD_SEGURANCA_CORPORATIVA,11460919,4
29287405,OD_SEGURANCA_CORPORATIVA_TRB,11460919,4
29221571,OD_SIN_AUTO_360,11460725,4
29269636,OD_SIN_AUTO_ACORDO_AZUL,11460842,4
29221573,OD_SIN_AUTO_AN_ELETRICOS,11460726,4
31545076,OD_SIN_AUTO_ANALISE_CAPITAL_SP,11461075,4
31545080,OD_SIN_AUTO_ANALISE_CO_MG_ES,11461075,4
35589093,OD_SIN_AUTO_ANALISE_DEMAIS_EST,11466174,4
35589095,OD_SIN_AUTO_ANALISE_FROTA_PES,11466176,4
31545077,OD_SIN_AUTO_ANALISE_INLIT_1_SP,11461075,4
31545079,OD_SIN_AUTO_ANALISE_INT_2_SP,11461075,4
29269640,OD_SIN_AUTO_ANALISE_INT_AZUL,11460842,4
31545078,OD_SIN_AUTO_ANALISE_MOTOS_BR,11466175,4
31545082,OD_SIN_AUTO_ANALISE_NO_NE_RJ,11461075,4
29269641,OD_SIN_AUTO_ANALISE_PARC_AZUL,11460842,4
35589091,OD_SIN_AUTO_ANALISE_PREM_ELE,11466172,4
35589092,OD_SIN_AUTO_ANALISE_SP,11466173,4
31545081,OD_SIN_AUTO_ANALISE_SUL,11461075,4
29269639,OD_SIN_AUTO_CQ_OFICINAS_AZUL,11460842,4
31507624,OD_SIN_AUTO_DNC_AZUL,11460842,4
29221575,OD_SIN_AUTO_ESPEC_DM,11460727,4
29269643,OD_SIN_AUTO_LC_AZUL_NF,11460842,4
31545045,OD_SIN_AUTO_LC_CAPITAL_SP,11460699,4
31545049,OD_SIN_AUTO_LC_CO_MG_ES,11460699,4
35589080,OD_SIN_AUTO_LC_DEMAIS_ESTADOS,11466162,4
29221581,OD_SIN_AUTO_LC_IND,11460699,4
31545046,OD_SIN_AUTO_LC_INT_1_LIT_SP,11460699,4
31545048,OD_SIN_AUTO_LC_INT_2_SP,11460699,4
31545047,OD_SIN_AUTO_LC_MOTOS_BR,11460699,4
31545051,OD_SIN_AUTO_LC_NO_NE_RJ,11460699,4
35589082,OD_SIN_AUTO_LC_PRE_FRO_EL_PES,11466164,4
29221594,OD_SIN_AUTO_LC_PREMIUM_FROTA,11460734,4
35589079,OD_SIN_AUTO_LC_SP,11466160,4
31545050,OD_SIN_AUTO_LC_SUL,11460699,4
35589081,OD_SIN_AUTO_LC_TAR_TEC_MOTO_BR,11466163,4
29221584,OD_SIN_AUTO_LIQUIDACAO,11460729,4
29221586,OD_SIN_AUTO_LIQUIDACAO_SUC,11460730,4
29221588,OD_SIN_AUTO_PAGADORIA,11460731,4
29221590,OD_SIN_AUTO_PERDA_PARC_PRE,11460732,4
29221592,OD_SIN_AUTO_PERDA_PARCIAL,11460733,4
29269635,OD_SIN_AUTO_REGULA_AZUL,11460842,4
29269642,OD_SIN_AUTO_REGULA_PAGTO_AZUL,11460842,4
29221597,OD_SIN_AUTO_RELAC_AZUL,11460736,4
29221599,OD_SIN_AUTO_SAC,11460724,4
31545066,OD_SIN_AUTO_SAC_CAPITAL_SP,11460724,4
31545069,OD_SIN_AUTO_SAC_CO_MG_ES,11460724,4
31545075,OD_SIN_AUTO_SAC_ELETRICOS,11460724,4
31545073,OD_SIN_AUTO_SAC_FROTA,11460724,4
31545067,OD_SIN_AUTO_SAC_INT_1_LIT_SP,11460724,4
31545068,OD_SIN_AUTO_SAC_MOTOS_BR,11460724,4
31545071,OD_SIN_AUTO_SAC_NO_NE_RJ,11460724,4
31545074,OD_SIN_AUTO_SAC_PESADOS,11460724,4
31545072,OD_SIN_AUTO_SAC_PREMIUM,11460724,4
31545070,OD_SIN_AUTO_SAC_SUL,11460724,4
29221601,OD_SIN_AUTO_SUC_PREM_FR_P,11460737,4
29221603,OD_SIN_AUTO_SUC_TRADIC,11460738,4
29221605,OD_SIN_AUTO_SUC_VIDROS,11460739,4
31545052,OD_SIN_AUTO_TAR_CAPITAL_SP,11461074,4
31545056,OD_SIN_AUTO_TAR_CO_MG_ES,11461074,4
35589087,OD_SIN_AUTO_TAR_DEMAIS_ESTADOS,11466168,4
31545053,OD_SIN_AUTO_TAR_INT_1_LIT_SP,11461074,4
31545055,OD_SIN_AUTO_TAR_INT_2_SP,11461074,4
31545054,OD_SIN_AUTO_TAR_MOTOS_BR,11461074,4
31545058,OD_SIN_AUTO_TAR_NO_NE_RJ,11461074,4
35589086,OD_SIN_AUTO_TAR_SP,11466167,4
31545057,OD_SIN_AUTO_TAR_SUL,11461074,4
29221607,OD_SIN_CARTA_VERDE,11460740,4
29221609,OD_SIN_ESP_DC_APP_95606,11460741,4
29221610,OD_SIN_ESP_DC_APP_97179,11460741,4
29221611,OD_SIN_ESP_DC_APP_98748,11460741,4
29221615,OD_SIN_FORNEC_PECAS,11460743,4
29221578,OD_SIN_FORNEC_PECAS_SUCURSAL,11460743,4
29221617,OD_SIN_FROTA_II,11460744,4
29221643,OD_SIN_FROTA_PP,11460745,4
29221620,OD_SIN_IND_INT_COL_SEG,11460751,4
29221621,OD_SIN_IND_INT_COLISAO_SEG,11460746,4
29221623,OD_SIN_IND_INT_PREMIUM,11460747,4
29221625,OD_SIN_IND_INT_RCF_20148,11460748,4
29221627,OD_SIN_IND_INT_RESOLUCAO,11460749,4
29221629,OD_SIN_IND_INT_ROUBO_FURTO,11460750,4
29221633,OD_SIN_OFICINAS_ELETRICOS,11460753,4
29221635,OD_SIN_OFICINAS_FROTA_P,11460754,4
35589096,OD_SIN_OFICINAS_PRE_ELE_FRO_PE,11466177,4
29221637,OD_SIN_OFICINAS_PREMIUM,11460755,4
29221639,OD_SIN_OFICINAS_TRADIC,11460756,4
29221461,OD_SIN_RE_ACOMP_ITAU,11460674,4
29221462,OD_SIN_RE_DOCS_ITAU,11460674,4
29221464,OD_SIN_RE_POSICAO_621,11460674,4
29221465,OD_SIN_RE_POSICAO_621_PREMIUM,11460674,4
29221466,OD_SIN_RE_POSICAO_CLIENTE,11460674,4
29221467,OD_SIN_RE_POSICAO_CORRETOR,11460674,4
29221468,OD_SIN_RE_POSICAO_SICOOB,11460674,4
29221469,OD_SIN_RE_RENNER,11460674,4
29221470,OD_SIN_RE_TRANSPORTES,11460674,4
29221641,OD_SIN_SUP_CADASTRO,11460757,4
29221739,OD_SINDICANCIA,11460767,4
29221741,OD_SINISTRO_PRESTADORES,11460768,4
31545003,OD_SINISTRO_PRESTADORES_ACCESS,11460768,4
29221742,OD_SINISTRO_PRESTADORES_II,11460768,4
29269103,OD_SUC_ABC_I,11460815,4
29269105,OD_SUC_ABC_II,11460815,4
29269107,OD_SUC_ALAGOAS,11460815,4
29269109,OD_SUC_BAHIA,11460815,4
29269111,OD_SUC_BRAGANCA_PAULISTA,11460815,4
29269113,OD_SUC_BRASILIA,11460815,4
29269115,OD_SUC_CAMPINAS,11460815,4
29269117,OD_SUC_CEARA,11460815,4
29269119,OD_SUC_ESPIRITO_SANTO,11460815,4
29269121,OD_SUC_GOIAS,11460815,4
29269123,OD_SUC_GRANDE_RIO,11460815,4
29269125,OD_SUC_GUARULHOS,11460815,4
29269127,OD_SUC_JUNDIAI,11460815,4
29269129,OD_SUC_LITORAL_PAULISTA,11460815,4
29269131,OD_SUC_MARANHAO,11460815,4
29269133,OD_SUC_MATO_GROSSO,11460815,4
29269134,OD_SUC_MATO_GROSSO_DO_SUL,11460815,4
29269137,OD_SUC_METRO_RJ,11460815,4
29269139,OD_SUC_MINAS_GERAIS,11460815,4
29269141,OD_SUC_MOGI_DAS_CRUZES,11460815,4
29269143,OD_SUC_NITEROI_INTERIOR_RJ,11460815,4
29269145,OD_SUC_NORTE,11460815,4
29269147,OD_SUC_PARAIBA,11460815,4
29269149,OD_SUC_PARANA,11460815,4
29269151,OD_SUC_PERNAMBUCO,11460815,4
29269153,OD_SUC_PIAUI,11460815,4
29269155,OD_SUC_PIRACICABA,11460815,4
29269157,OD_SUC_RIBEIRAO_PRETO,11460815,4
29269159,OD_SUC_RIO_GRANDE_NORTE,11460815,4
29269161,OD_SUC_RIO_GRANDE_SUL,11460815,4
29269164,OD_SUC_SANTA_CATARINA,11460815,4
29269166,OD_SUC_SAO_JOSE_RIO_PRETO,11460815,4
29269171,OD_SUC_SERGIPE,11460815,4
29269173,OD_SUC_SOROCABA,11460815,4
29269175,OD_SUC_SP_CAMPOS_ELISIOS_II,11460815,4
29269176,OD_SUC_SP_CAMPOS_ELISIOS_III,11460815,4
29269177,OD_SUC_SP_CAMPOS_ELISIOS_IV,11460815,4
29269179,OD_SUC_SP_LESTE_I,11460815,4
29269180,OD_SUC_SP_LESTE_II,11460815,4
29269181,OD_SUC_SP_LESTE_III,11460815,4
29269183,OD_SUC_SP_NORTE,11460815,4
29269185,OD_SUC_VALE_PARAIBA,11460815,4
29269187,OD_SUP_COMERCIAL_SP_AUTO,11460816,4
29269188,OD_SUP_COMERCIAL_SP_BANK,11460816,4
29269189,OD_SUP_COMERCIAL_SP_BENEFICIOS,11460816,4
29269190,OD_SUP_COMERCIAL_SP_FROTA,11460816,4
29269191,OD_SUP_COMERCIAL_SP_INDISP,11460816,4
29269193,OD_SUP_COMERCIAL_SP_RE,11460816,4
29269194,OD_SUP_COMERCIAL_SP_VIDA,11460816,4
29221471,OD_TRANSP_ACEITA_AVERB_FATURA,11460675,4
29221472,OD_TRANSP_ACEITA_AVERB_GERAL,11460675,4
29269329,OS_MSK_AXA,11460828,4
35590025,PAT_SAUDE_ERRO_APP,11460474,4
31507450,POC_TESTE_DIALER,11460089,4
20868473,PREVIDENCIA_COMERCIAL_CORRETOR,11460103,4
20868472,PREVIDENCIA_COMERCIAL_SUCURSAL,11460103,4
20868468,PREVIDENCIA_CORRETOR,11460103,4
20868474,PREVIDENCIA_EMISSAO_CORRETOR,11460103,4
20868475,PREVIDENCIA_EMISSAO_SUCURSAL,11460103,4
35589104,PREVIDENCIA_PREMIUM,11466181,4
35589105,PREVIDENCIA_PRIVATE,11466182,4
20868471,PREVIDENCIA_SAC_DEC,11460103,4
20868469,PREVIDENCIA_SEGURADO,11460103,4
29221177,PREVIDENCIA_SEGURADO_IR,11460103,4
20868470,PREVIDENCIA_SUCURSAL,11460103,4
20868477,PREVIDENCIA_SUPERVISAO,11460104,4
31545861,PRIVATE_AG01,11466144,4
31545862,PRIVATE_AG02,11466144,4
31545863,PRIVATE_AG03,11466144,4
31545864,PRIVATE_AG04,11466144,4
31545865,PRIVATE_AG05,11466144,4
31545431,PS_EMG_ML_CARDIF_CASA_PROTEG,11460827,4
31545432,PS_EMG_MSMAIS_ASSIST_RESI,11460827,4
31545433,PS_EMG_MSMAIS_AUTO,11460827,4
31545434,PS_EMG_NAGEM_AUTO,11460827,4
31545435,PS_EMG_NAGEM_RESIDENCIAL,11460827,4
29269277,PS_EMG_OUZE,11460827,4
31545436,PS_EMG_OUZE_RESID,11460827,4
29269278,PS_EMG_PEFISA,11460827,4
31545437,PS_EMG_PNB_AUTO,11460827,4
31545439,PS_EMG_PNB_FUNERAL,11460827,4
31545440,PS_EMG_PNB_RESID,11460827,4
29269245,PS_EMG_PORTO_SEGURO,11460827,4
31545442,PS_EMG_PORTO_SEGURO_CESTA,11460827,4
31545443,PS_EMG_PORTO_SEGURO_HARPIS,11460827,4
29269252,PS_EMG_PRESTADORES,11460827,4
31545444,PS_EMG_REDE_MAIS_ACESSO_SAUDE,11460827,4
29269280,PS_EMG_RIACHUELO,11460827,4
31545445,PS_EMG_RIACHUELO_MOTO,11460827,4
31545446,PS_EMG_RIACHUELO_RESID,11460827,4
35589102,PS_EMG_SAMS_PET,11460827,4
31545447,PS_EMG_SAMS_RESIDENCIAL,11460827,4
29269315,PS_EMG_TELHA_NORTE,11460827,4
31545448,PS_EMG_TERRA_AUTO,11460827,4
31545449,PS_EMG_TERRA_PET,11460827,4
31545450,PS_EMG_TERRA_RESID,11460827,4
29269316,PS_EMG_TICKET,11460827,4
31545451,PS_EMG_UNIMED_CORPOR,11460827,4
31545452,PS_EMG_UNIMED_NATALI,11460827,4
31545453,PS_EMG_UNIMED_RESIDENCIAL,11460827,4
31545454,PS_EMG_VIVO_CASA,11460827,4
31545455,PS_EMG_VIVO_HOME_FIX_RESID,11460827,4
31545456,PS_EMG_YAMAHA_AUTO,11460827,4
29269258,PS_EMG_ZURICH,11460827,4
25166488,PS_FROTA,11460504,4
25166515,PS_GUARIDA_CORRETORA,11460504,4
25166490,PS_HARLEY_DAVIDSON,11460504,4
25166491,PS_HONDA_CONNECTED_COLISAO,11460504,4
25166492,PS_HONDA_CONNECTED_PANE,11460504,4
25166493,PS_HONDA_GERAL,11460504,4
35629360,PS_IGREJA_ADV,11460504,4
25166494,PS_ITAU,11460504,4
25166495,PS_ITAU_COMBINA_AQUI,11460504,4
35629361,PS_ITAU_COMBINA_AQUI_RESID,11460504,4
25166496,PS_ITAU_PERSONNALITE,11460504,4
35589769,PS_KAWASAKI,11460504,4
25166497,PS_KOMPLETO_CARD,11460504,4
25166498,PS_LUBRAX_PREMIA,11460504,4
25166499,PS_MITSUI_AUTO,11460504,4
25166500,PS_MITSUI_RE,11460504,4
29269327,PS_MSK_AIG_SPRAYETTE,11460828,4
29269456,PS_MSK_PAO_DE_ACUCAR,11460828,4
31545492,PS_MSK_PONTO_FRIO_AGEND,11460828,4
29269492,PS_MSK_QUALIDADE,11460828,4
29269465,PS_MSK_RICARDO_ELETRO,11460828,4
29269469,PS_MSK_SAMS,11460828,4
29269470,PS_MSK_SHOPTIME,11460828,4
29269477,PS_MSK_SOUBARATO,11460828,4
29269481,PS_MSK_SUBMARINO,11460828,4
29269482,PS_MSK_SUPER_MUFATO,11460828,4
29269485,PS_MSK_TECTOTAL,11460828,4
29269488,PS_MSK_TELHA_NORTE,11460828,4
29269356,PS_MSK_TERRA,11460828,4
29269491,PS_MSK_VIA_VAREJO,11460828,4
31545457,PS_MSK_VIVO_HOME_FIX_INSTALA,11460828,4
25166501,PS_PARCERIA_CARTAO,11460504,4
25166502,PS_PARCERIAS_GERAL,11460504,4
29269610,PS_PICPAY,11460504,4
25166503,PS_PORSCHE,11460504,4
25166504,PS_PRODUTOR,11460504,4
25166505,PS_SAFRA,11460504,4
25166506,PS_SAUDE_PME,11460504,4
25166507,PS_SUPERVISAO,11460506,4
31545745,PS_TORRA,11460504,4
25166508,PS_TRIUMPH,11460504,4
25166509,PS_TRIUMPH_N2,11460504,4
25166510,PS_TRIUMPH_SAC,11460504,4
25166511,PS_UNIDAS,11460504,4
25166512,PS_VIDA,11460504,4
25166513,PS_XFLEET,11460504,4
25166514,PS_ZEEKR,11460504,4
25166516,PS_ZEEKR_SAC,11460504,4
35589834,RETENCAO_SAUDE,11466293,4
25166101,RFC_ALUGUEL,11460433,4
25166104,RFC_ATIVACAO,11460433,4
25166106,RFC_EMISSAO_ALUGUEL,11460433,4
25166108,RFC_EMISSAO_GARANTIA,11460433,4
25166110,RFC_EMISSAO_PROD_ALUGUEL,11460433,4
25166111,RFC_GARANTIA,11460433,4
25166112,RFC_GERAL,11460433,4
25166113,RFC_GOC,11460433,4
25166114,RFC_HD_ALUGUEL,11460433,4
25166115,RFC_NEGOCIACAO_INTERNA,11460433,4
31545832,RFC_PREMIUM,11466124,4
31545859,RFC_PRIVATE,11466142,4
25166118,RFC_PROD_ALUGUEL,11460433,4
25166119,RFC_SINISTRO_RE,11460433,4
25166100,RFC_SINISTRO_RE_GARANTIA,11460433,4
25166107,RFC_SUP,11460432,4
23121354,Roteamento,11460183,4
20868710,SAC_CDC_TESTE,11460090,4
23121403,SAC_DEC_ALUGUEL,11460361,4
29220881,SAC_DEC_ALUGUEL_TRB,11460553,4
23121296,SAC_DEC_AUTO_AZUL,11460391,4
23121302,SAC_DEC_AUTO_AZUL_SUP,11460392,4
23121330,SAC_DEC_AUTO_ITAU,11460375,4
23121299,SAC_DEC_AUTO_MITSUI,11460336,4
23121331,SAC_DEC_AUTO_PORTO,11460375,4
23121310,SAC_DEC_AUTO_TRB_AZUL,11460336,4
23121404,SAC_DEC_CANC_RESID_ITAU,11460361,4
29220882,SAC_DEC_CARTAO,11460551,4
29220894,SAC_DEC_CARTAO_AEC,11460549,4
29220883,SAC_DEC_CARTAO_RETENCAO,11460553,4
29220884,SAC_DEC_CONQUISTA_TRB,11460553,4
25166207,SAC_DEC_CONSORCIO,11460462,4
31545016,SAC_DEC_CONSORCIO_AEC,11461036,4
35589180,SAC_DEC_CONSORCIO_KON,11466186,4
29220885,SAC_DEC_CONSORCIO_TRB,11460553,4
29220886,SAC_DEC_CONTA_DIGITAL,11460553,4
25166103,SAC_DEC_FINANCIAMENTO_PORTOCAP,11460095,4
29220887,SAC_DEC_FINANCIAMENTO_TRB,11460553,4
23121405,SAC_DEC_GERAL_ITAU,11460361,4
23121406,SAC_DEC_INFO_RESID_ITAU,11460361,4
29220888,SAC_DEC_INVEST_PORTO_TRB,11460553,4
23121332,SAC_DEC_MITSUI,11460375,4
23121407,SAC_DEC_PORTOCAP,11460361,4
29220889,SAC_DEC_PREVIDENCIA_TRB,11460553,4
23121408,SAC_DEC_RE_PORTO,11460361,4
23121579,SAC_DEC_RE_RENNER,11460361,4
23121409,SAC_DEC_REC_RESID_ITAU,11460361,4
25166102,SAC_DEC_RFC_ALUGUEL,11460433,4
25166285,SAC_DEC_SAUDE_ITAU,11460474,4
25166284,SAC_DEC_SAUDE_ODONTO,11460474,4
25166283,SAC_DEC_SAUDE_PORTO,11460474,4
23121410,SAC_DEC_TRANSP,11460361,4
23121329,SAC_DEC_TRB_RENNER,11460375,4
23121328,SAC_DEC_TRB_VIDA,11460375,4
25166282,SAUDE_ALO_SAUDE_PORTO,11460474,4
25166281,SAUDE_CANAL_MEDICO_ITAU,11460472,4
25166280,SAUDE_CANAL_MEDICO_PORTO,11460474,4
29269632,SAUDE_CAP_ITAU,11460472,4
29269629,SAUDE_CAP_PORTO,11460474,4
31545807,SAUDE_CARENCIA_FSI_PREMIUM,11466113,4
25166279,SAUDE_CARENCIA_ITAU,11460472,4
25166278,SAUDE_CARENCIA_PORTO,11460474,4
31545808,SAUDE_CARENCIA_PREMIUM,11466113,4
35589126,SAUDE_CARENCIA_PRIVATE,11466131,4
31545809,SAUDE_COBERTURA_FSI_PREMIUM,11466113,4
25166277,SAUDE_COBERTURA_PORTO,11460474,4
31545810,SAUDE_COBERTURA_PREMIUM,11466113,4
35589127,SAUDE_COBERTURA_PRIVATE,11466131,4
31545811,SAUDE_COBRANCA_FSI_PREMIUM,11466113,4
25166276,SAUDE_COBRANCA_PORTO,11460474,4
31545812,SAUDE_COBRANCA_PREMIUM,11466113,4
31545813,SAUDE_EXAMES_FSI_PREMIUM,11466113,4
29269740,SAUDE_EXAMES_ITAU,11460472,4
29269626,SAUDE_EXAMES_PORTO,11460474,4
31545815,SAUDE_EXAMES_PREMIUM,11466113,4
35589128,SAUDE_EXAMES_PRIVATE,11466131,4
31545816,SAUDE_GERAL_FSI_PREMIUM,11466113,4
31545848,SAUDE_GERAL_FSI_PRIVATE,11466131,4
25166275,SAUDE_GERAL_ITAU,11460472,4
25166274,SAUDE_GERAL_PORTO,11460474,4
31545817,SAUDE_GERAL_PREMIUM,11466113,4
31545849,SAUDE_GERAL_PRIVATE,11466131,4
31545818,SAUDE_INTERNACAO_FSI_PREMIUM,11466113,4
29269741,SAUDE_INTERNACAO_ITAU,11460472,4
29269628,SAUDE_INTERNACAO_PORTO,11460474,4
31545819,SAUDE_INTERNACAO_PREMIUM,11466113,4
35589129,SAUDE_INTERNACAO_PRIVATE,11466131,4
25166272,SAUDE_MENSALIDADE_ITAU,11460472,4
29269627,SAUDE_MENU_REDUZIDO_PORTO,11460474,4
25166271,SAUDE_NIP_PORTO,11460474,4
25166268,SAUDE_ODONTO_AUTORIZACAO,11460469,4
25166262,SAUDE_ODONTO_GERAL,11460469,4
25166263,SAUDE_ODONTO_PORTO,11460474,4
25166261,SAUDE_ODONTO_REDE,11460469,4
25166260,SAUDE_ODONTO_REEMBOLSO,11460469,4
25166259,SAUDE_ODONTO_SUP,11460471,4
25166258,SAUDE_PME,11460474,4
31545820,SAUDE_REDE_FSI_PREMIUM,11466113,4
25166257,SAUDE_REDE_ITAU,11460472,4
25166256,SAUDE_REDE_PORTO,11460474,4
31545821,SAUDE_REDE_PREMIUM,11466113,4
35589130,SAUDE_REDE_PRIVATE,11466131,4
35590024,SAUDE_REDE_RECHAMADA,11460474,4
35590023,SAUDE_REDE_URGENCIA,11460474,4
31545822,SAUDE_REEMBOLSO_FSI_PREMIUM,11466113,4
25166255,SAUDE_REEMBOLSO_ITAU,11460472,4
25166254,SAUDE_REEMBOLSO_PORTO,11460474,4
31545823,SAUDE_REEMBOLSO_PREMIUM,11466113,4
35589131,SAUDE_REEMBOLSO_PRIVATE,11466131,4
25166253,SAUDE_SENHAS_ITAU,11460472,4
25166252,SAUDE_SENHAS_PORTO,11460474,4
25166251,SAUDE_SUP,11460476,4
31545747,SAUDE_TRANSF,11460474,4
25166250,SAUDE_VIP_ITAU,11460472,4
31507199,SERVICO_NICE_PREPROD,11460995,4
29269742,test-auto-summary,11460090,4
20868706,Teste Treinamento,11460089,4
31507228,Teste_Betta_1,11460090,4
31507229,Teste_Betta_2,11460090,4
20868446,Teste_Inbound,11460090,4
23121314,Teste_Inbound2,11460089,4
20907869,TESTE_Parreira_nao_usar,11460090,4
20868820,Teste_Ti_Atendimento,11460183,4
29287425,Teste_Ti_Atendimento_AEC,11460183,4
29287426,Teste_Ti_Atendimento_FIS,11460183,4
31507623,TRANSF_VENDAS,11460336,4
35589665,TRANSF_VENDAS_AUTO,11460336,4
35589666,TRANSF_VENDAS_RE,11460338,4
20868447,Transferências Externas,11460090,4
31507706,URA_300FACIL,11460273,4
31507461,URA_AUTOJOVEM,11460273,4
31507646,URA_BANK_ADQUIRENTE,11460273,4
31507697,URA_BANK_CONSORCIO_CLIENTES,11460273,4
20869435,URA_BANK_PORTOCAP,11460273,4
31507621,URA_BANK_TRIAGEM,11460273,4
31507466,URA_BV_ENDOSSOS,11460273,4
31507475,URA_CDC_FINANCIAMENTO,11460273,4
31507470,URA_CENTRAL_ESPECIALISTAS_IAR,11460273,4
31507457,URA_CENTRAL_RENOVACAO,11460273,4
31507462,URA_CO_ASSISTENCIA,11460273,4
31507690,URA_COBRANCA,11460273,4
31507458,URA_COMISSOES,11460273,4
31507468,URA_CORRETORA_VOLKSWAGEN,11460273,4
31507465,URA_EMISSAO_PRODUTOR,11460273,4
31507467,URA_FROTA_PROSPECT,11460273,4
31507471,URA_MITSUI_ASSISTENCIA,11460273,4
31507606,URA_OUVIDORIA_ITAU,11460273,4
31507605,URA_OUVIDORIA_PORTO,11460273,4
31507612,URA_PORTO_SERVICO_HONDA,11460273,4
31507607,URA_PORTO_SERVICOS_ITAU,11460273,4
31507469,URA_PRODUTOR_LICITACOES,11460273,4
31507463,URA_RENNER,11460273,4
31507459,URA_RH_AMBULATORIO,11460273,4
31507522,URA_SAC_ALUGUEL_GARANTIA,11460273,4
31507517,URA_SAC_AUTO,11460273,4
31507518,URA_SAC_AZUL_AUTO,11460273,4
31544994,URA_SAC_CARTOES,11460273,4
31507476,URA_SAC_CDC_FINANCIAMENTO,11460273,4
31507604,URA_SAC_CONSORCIO,11460273,4
31507477,URA_SAC_DECRETO_VIDA,11460273,4
31507455,URA_SAC_MITSUI,11460273,4
31507454,URA_SAC_PORTOCAP,11460273,4
31507460,URA_SAC_PORTOINVESTIMENTOS,11460273,4
31507523,URA_SAC_RE,11460273,4
31507519,URA_SAC_SAUDE,11460273,4
31507524,URA_SAC_TRANSPORTE,11460273,4
31507474,URA_SAC_VIDA_E_PREVIDENCIA,11460273,4
31507877,URA_SAUDE_ODONTO,11460273,4
31507649,URA_SEG_E_ASSIST_ALUGUEL_E_GAR,11461010,4
31507650,URA_SEG_E_ASSIST_AZUL,11461010,4
31507661,URA_SEG_E_ASSIST_FROTA_PORTO,11461010,4
31507653,URA_SEG_E_ASSIST_GOC,11461010,4
31507630,URA_SEG_E_ASSIST_ITAU,11461010,4
31507651,URA_SEG_E_ASSIST_MERCOSUL_AZUL,11461010,4
31507644,URA_SEG_E_ASSIST_MERCOSUL_ITAU,11461010,4
31507662,URA_SEG_E_ASSIST_MERCOSUL_PORT,11461010,4
31507645,URA_SEG_E_ASSIST_MITSUI,11461010,4
31507659,URA_SEG_E_ASSIST_PORTO,11461010,4
31507660,URA_SEG_E_ASSIST_SINISTRO_RE,11461010,4
31507652,URA_SEG_E_ASSIST_TRANSPORTES,11461010,4
31507456,URA_SEGURO_FUNCIONARIOS,11460273,4
31507472,URA_SUCURSAIS,11460273,4
29287624,URA_TRIBUTOS,11460273,4
31507473,URA_VIDA_E_PREVIDENCIA,11460273,4
31507609,URA_VISTORIA_PREVIA,11460273,4
20869422,VENDAS_N1_A,11461086,4
20869423,VENDAS_N1_B,11461086,4
20869424,VENDAS_N1_C,11461086,4
20869425,VENDAS_N1_D,11461086,4
20869426,VENDAS_N1_E,11461086,4
20868491,VIDA_BACKOFFICE,11460100,4
20868502,VIDA_RETENCAO_OPER,11460107,4
20868503,VIDA_SAC_GESTOR,11460107,4
20868493,VIDA_SUPORTE_COMERCIAL,11460101,4
20868509,VIDA_SUPORTE_COMERCIAL_VIAGEM,11460101,4
20868499,VIDA_VIAGEM_CORRETOR,11460106,4
20868500,VIDA_VIAGEM_SEGURADO,11460106,4
31507700,APP_GUINCHO_OUT,11460128,4
31545719,APP_GUINCHO_OUT_DEV,11460128,4
31507136,APP_HONDA_OUT,11460183,4
23121311,ASSIST_24H_DIG_OUT,11460395,4
23121099,ASSIST_SANTANDER_DIG_OUT,11460371,4
23121096,ASSIST_SANTANDER_OUT,11460370,4
23121098,ASSIST_SANTANDER_SUP_OUT,11460372,4
23121095,ASSIST_SIN_SANTANDER_OUT,11460373,4
23121340,AUTO_FROTA_OUT,11460355,4
23121341,AUTO_FROTA_SUP_OUT,11460356,4
23121322,AUTO_PREMIUM_OUT,11460375,4
23121323,AUTO_PREMIUM_SUP_OUT,11460376,4
23121305,AVISO_SINISTRO_DIG_OUT,11460393,4
20907984,Callback_OUT,11460273,4
29220908,CARTAO_AEC_DIG_OUT,11460539,4
31507452,CARTAO_AEC_DIG_SUP_OUT,11461004,4
29220911,CARTAO_AR_FIS_OUT,11460540,4
29220916,CARTAO_AR_SUP_FIS_OUT,11460541,4
29220917,CARTAO_CHAT_CORP_DIG_OUT,11460542,4
29220918,CARTAO_CONTESTACAO_FIS_OUT,11460543,4
29220921,CARTAO_CONTESTACAO_FIS_SUP_OUT,11460544,4
29220906,CARTAO_CORRETOR_DIG_OUT,11460545,4
29220905,CARTAO_DIG_OUT,11460546,4
29269102,CARTAO_DIG_SUP_OUT,11460821,4
29220866,CARTAO_EMPRESARIAL_OUT,11460547,4
29220868,CARTAO_EMPRESARIAL_SUP_OUT,11460548,4
29269597,CARTAO_GSR_APOIO_OUT,11460837,4
29269095,CARTAO_LIBRAS_OUT,11460812,4
29220896,CARTAO_N1_AEC_OUT,11460549,4
29220898,CARTAO_N1_AEC_SUP_OUT,11460550,4
29220899,CARTAO_N1_VIP_OUT,11460551,4
29220901,CARTAO_N1_VIP_SUP_OUT,11460552,4
29220902,CARTAO_N2_VIP_OUT,11460553,4
29220904,CARTAO_N2_VIP_SUP_OUT,11460554,4
29220923,CARTAO_PROPOSTA_FIS_OUT,11460555,4
29269096,CARTAO_ULTRA_DIG_OUT,11460813,4
29220876,CARTAO_ULTRA_OUT,11460556,4
29269097,CARTAO_ULTRA_PREMIUM_OUT,11460814,4
29220878,CARTAO_ULTRA_SUP_OUT,11460557,4
23121271,CENTRAL_ASSISTENCIA,11460089,4
20868485,CENTRAL_VIDA_OUT,11460097,4
20868507,CENTRAL_VIDA_SUPERVISAO_OUT,11460102,4
29269100,CHARTAO_CHAT_CORP_SUP_OUT,11460820,4
20908412,CO_ACIONA_AUTO_OUT,11460322,4
20908411,CO_ACIONA_RE_OUT,11460321,4
20908408,CO_ATENDIMENTO_OUT,11460319,4
31507672,CO_CAS_ACIONAMENTO_OUT,11461012,4
29269500,CO_CAS_RECEPTIVO_OUT,11460824,4
29269501,CO_CAS_SQUAD_OUT,11460825,4
20908413,CO_DIG_OUT,11460324,4
29269509,CO_EMERGENCIAL_BACKOFFICE_OUT,11460831,4
35590020,CO_MADRUGADA_OUT,11466302,4
20908410,CO_RETENCAO_OUT,11460320,4
20908409,CO_SUP_OUT,11460323,4
25166566,COMISSOES_DIG_OUT,11460517,4
25166546,COMISSOES_OUT,11460513,4
25166549,COMISSOES_SUP_OUT,11460516,4
31507677,CONSORCIO_CLI_AEC_DIG_OUT,11461013,4
31507691,CONSORCIO_CLI_ATO_DIG_OUT,11461018,4
25166202,CONSORCIO_DIG_OUT,11460463,4
25166197,CONSORCIO_OUT,11460462,4
31545006,CONSORCIO_OUT_AEC,11461036,4
35589181,CONSORCIO_OUT_KON,11466186,4
25166201,CONSORCIO_SUP_OUT,11460464,4
31545018,CONSORCIO_SUP_OUT_AEC,11461037,4
35589183,CONSORCIO_SUP_OUT_KON,11466186,4
20869445,Default Skill 4608272,11461096,4
20868515,EMISSAO_VIDA_EMP_OUT,11460105,4
20908125,EMISSAO_VIDA_SUPERVISAO_OUT,11460301,4
25166567,FINANCEIRO_AZUL_DIG_OUT,11460518,4
25166552,FINANCEIRO_AZUL_OUT,11460514,4
25166555,FINANCEIRO_AZUL_SUP_OUT,11460516,4
29221179,FINANCEIRO_BACKOFFICE_OUT,11460587,4
25166568,FINANCEIRO_DIG_OUT,11460519,4
25166558,FINANCEIRO_OUT,11460515,4
25166561,FINANCEIRO_PORTO_SUP_OUT,11460516,4
20868464,FINANCIAMENTO_OUT,11460095,4
20868674,FINANCIAMENTO_SUPERVISAO_OUT,11460096,4
20868580,HABILITADOR_OUTBOUND,11460128,4
25166295,HD_CORRETOR_DIG_OUT,11460479,4
25166292,HD_CORRETOR_OUT,11460477,4
25166294,HD_CORRETOR_SUP_OUT,11460478,4
25166413,HD_GERAL_OUT,11460502,4
25166414,HD_SUPERVISAO_OUT,11460503,4
23121278,JORNADA_AUTO_DIG_OUT,11466295,4
23120993,JORNADA_AUTO_OUT,11466295,4
23120997,JORNADA_AUTO_SUP_OUT,11460337,4
23121000,JORNADA_RE_OUT,11460338,4
23121004,JORNADA_RE_SUP_OUT,11460339,4
25166321,NUC_EMISSAO_AZUL_DIG_OUT,11460483,4
25166329,NUC_EMISSAO_AZUL_SUP_OUT,11460487,4
25166320,NUC_NEG_AUTO_DIG_OUT,11460481,4
25166311,NUC_NEG_OUT,11460480,4
25166319,NUC_NEG_PRODUCAO_DIG_OUT,11460482,4
25166318,NUC_NEG_SUP_OUT,11460488,4
23121388,NUC_SIN_AUTO_AZUL_DIG_OUT,11460406,4
23121387,NUC_SIN_AUTO_AZUL_OUT,11460404,4
23121390,NUC_SIN_AUTO_AZUL_SUP_OUT,11460405,4
23121381,NUC_SIN_AUTO_DIG_OUT,11460403,4
23121380,NUC_SIN_AUTO_SUP_OUT,11460360,4
23121378,NUC_SINISTRO_OUT,11460359,4
25166330,NUC_TECNICO_AZUL_OUT,11460484,4
25166331,NUC_TECNICO_AZUL_SUP_OUT,11460489,4
25166382,NUCLEO_RE_DIG_OUT,11460496,4
25166572,NUCLEO_RE_EMISSAO_OUT,11460494,4
23121402,NUCLEO_RE_OUT,11460361,4
25166381,NUCLEO_RE_SUP_OUT,11460495,4
23121412,NUCLEO_SIN_RE_SUP_OUT,11460362,4
29221502,OD_ACEITACAO_AUTO_DIG_OUT,11460695,4
29221503,OD_ACEITACAO_AUTO_ESTRATEG_OUT,11460694,4
29221505,OD_ACEITACAO_AUTO_SAC_OUT,11460696,4
29221507,OD_ACEITACAO_EMIS_AUTO_SAC_OUT,11460697,4
29221207,OD_ASS_CONSORCIO_CERTDOX_OUT,11460592,4
29221213,OD_ASS_CONSORCIO_INTERFILE_OUT,11460592,4
29221214,OD_ASS_CONSORCIO_PDTEC_OUT,11460592,4
29221331,OD_ASS_CONSORCIO_PORTO_OUT,11460592,4
29221219,OD_ASS_CONSORCIO_RECICLARE_OUT,11460592,4
29221509,OD_ASSESSORIA_JURIDICA_OUT,11460698,4
29221249,OD_CANAL_BANCO_DIG_OUT,11460595,4
29221262,OD_CANAL_BANCO_OUT,11460594,4
29221694,OD_CANAL_FRANQUIAS_OUT,11460760,4
29221417,OD_CANAL_MEDICO_OUT,11460657,4
29221289,OD_CARTAO_ADQUIRENTE_OUT,11460596,4
35590001,OD_CARTAO_PRIVILEGE_OUT,11466297,4
29221695,OD_CIOPS_OUT,11460761,4
29221299,OD_CONQUISTA_CONSULT_OUT,11460597,4
29221300,OD_CONQUISTA_DIG_OUT,11460598,4
29221305,OD_CONQUISTA_PARCEIROS_OUT,11460599,4
29221169,OD_CONSORCIO_COR_DIG_OUT,11460584,4
29221152,OD_CONSORCIO_COR_OUT,11460583,4
29221419,OD_EMISSAO_ODONTO_DIG_OUT,11460659,4
29221421,OD_EMISSAO_ODONTO_OUT,11460658,4
29221423,OD_EMISSAO_SAUDE_DIG_OUT,11460661,4
29221426,OD_EMISSAO_SAUDE_OUT,11460660,4
31545493,OD_ESPACO_NEGOCIOS_VIDA_OUT,11461080,4
29221430,OD_FSI_RELAC_OUT,11460662,4
29221311,OD_HUB_SEGUROS_COMERCIAL_OUT,11460600,4
29221511,OD_INSPETORIA_OUT,11460700,4
29221321,OD_ITAU_COR_AUTO_END_OUT,11460601,4
29221203,OD_ITAU_COR_AUTO_RENOV_OUT,11460602,4
29221206,OD_ITAU_COR_AUTO_SAC_OUT,11460601,4
29221217,OD_ITAU_COR_RESID_OUT,11460604,4
29221516,OD_LICITACOES_OUT,11460701,4
29221434,OD_MEDICINA_PREV_DIG_OUT,11460664,4
29221436,OD_MEDICINA_PREV_OUT,11460663,4
35629202,OD_MESA_NEGOC_BANK_CONSORC_OUT,11466320,4
35629204,OD_MESA_NEGOC_BANK_EF_OUT,11466320,4
35629203,OD_MESA_NEGOC_BANK_SOLUC_M_OUT,11466320,4
29221698,OD_NCP_DEMAIS_ESTADOS_OUT,11460773,4
29221701,OD_NCP_MG_OUT,11460773,4
29221704,OD_NCP_RJ_OUT,11460773,4
29221229,OD_NCP_SP_OUT,11460605,4
29221708,OD_NCP_SUC_RJ_RIO_BRANCO_OUT,11460763,4
29221711,OD_NCP_SUC_SAO_PAULO_II_OUT,11460763,4
29221713,OD_NCP_SUC_SAO_PAULO_OUT,11460763,4
29221521,OD_OUVIDORIA_DIG_OUT,11460703,4
29221523,OD_OUVIDORIA_OUT,11460702,4
29221253,OD_PORTO_NEGOCIOS_OUT,11460607,4
29221284,OD_PORTO_NEGOCIOS_SAC_OUT,11460608,4
29287260,OD_PORTO_SOCORRO_ESCOLA_OUT,11460905,4
29221719,OD_PORTO_SOCORRO_OUT,11460764,4
29221730,OD_PREVENCAO_FRAUDE_OUT,11460765,4
29221326,OD_PRODUCAO_CADASTRO_OUT,11460593,4
29221329,OD_PRODUCAO_SAC_OUT,11460609,4
29221157,OD_RASTREADOR_OUT,11460580,4
31507614,OD_RE_BACKOFFICE_OUT,11460770,4
31507601,OD_RE_GRANDES_RISCO_OUT,11460770,4
29221439,OD_RE_INSPECAO_OUT,11460665,4
31507600,OD_RE_MESA_NEGOCIOS_NOVO_OUT,11460770,4
29221684,OD_RE_MESA_NEGOCIOS_RENOV_OUT,11460770,4
31507602,OD_RE_PM_RISCOS_OUT,11460770,4
29221683,OD_RE_PROD_ACEITACAO_OUT,11460769,4
31507603,OD_RE_RESID_AFFINITY_OUT,11460770,4
29221441,OD_RE_SIN_SAC_PRODUTO_OUT,11460666,4
29221526,OD_RECUPERACAO_VEICULOS_OUT,11460704,4
35589136,OD_REGULAC_DNC_OUT,11466178,4
35589137,OD_REGULAC_REV_OUT,11466165,4
35589138,OD_REGULAC_TAR_OUT,11466166,4
35589143,OD_REGULAC_TEC_DEMAIS_EST_OUT,11466171,4
35589141,OD_REGULAC_TEC_PR_EL_FR_PE_OUT,11466169,4
35589142,OD_REGULAC_TEC_SP_OUT,11466170,4
29221528,OD_REGULACAO_APOIO_ANALISE_OUT,11460706,4
29221531,OD_REGULACAO_CONCIERGE_OUT,11460707,4
29221532,OD_REGULACAO_DIG_OUT,11460705,4
29221534,OD_REGULACAO_DNC_ELETRICOS_OUT,11460708,4
29221535,OD_REGULACAO_DNC_PREMIUM_F_OUT,11460709,4
29221540,OD_REGULACAO_LOGISTICA_ROT_OUT,11460710,4
29221542,OD_REGULACAO_OUT,11460705,4
29221544,OD_REGULACAO_PATIO_OUT,11460711,4
29221548,OD_REGULACAO_REV_ELETRICOS_OUT,11460712,4
29221549,OD_REGULACAO_REV_FROTA_P_OUT,11460713,4
29221552,OD_REGULACAO_REV_PREMIUM_OUT,11460714,4
29221554,OD_REGULACAO_SUPORTE_OUT,11460715,4
29221556,OD_REGULACAO_TAR_ELETRICOS_OUT,11460716,4
29221557,OD_REGULACAO_TAR_FROTA_P_OUT,11460717,4
29221560,OD_REGULACAO_TAR_PAG_INDIV_OUT,11460718,4
29221562,OD_REGULACAO_TAR_PREMIUM_OUT,11460719,4
29221564,OD_REGULACAO_TEC_ELETRICOS_OUT,11460720,4
29221566,OD_REGULACAO_TEC_FROTA_P_OUT,11460721,4
29221567,OD_REGULACAO_TEC_IND_OUT,11460722,4
29221570,OD_REGULACAO_TEC_PREMIUM_OUT,11460723,4
29269200,OD_RENOVA_DIG_OUT,11460818,4
29269199,OD_RENOVA_OUT,11460817,4
29221170,OD_RFC_DIG_OUT,11460585,4
29221168,OD_RFC_OUT,11460582,4
29221738,OD_RH_ATENDIMENTO_OUT,11460766,4
29221443,OD_RH_ESPACO_SAUDE_OUT,11460667,4
29221330,OD_SAC_PORTO_BANK_OUT,11460610,4
29221500,OD_SALAO_VENDAS_CONSORCIO_OUT,11460693,4
29287354,OD_SALAO_VENDAS_EMP_FIN_OUT,11460693,4
29269202,OD_SALVADOS_OUT,11460819,4
29221447,OD_SAUDE_COMERCIAL_DIG_OUT,11460669,4
29221448,OD_SAUDE_COMERCIAL_OUT,11460668,4
29221478,OD_SAUDE_LIBERACAO_PREVIA_OUT,11460676,4
29221451,OD_SAUDE_OCUP_DIG_OUT,11460671,4
29221454,OD_SAUDE_OCUP_OUT,11460670,4
31507638,OD_SAUDE_REEMBOLSO_OUT,11461009,4
29221457,OD_SAUDE_RELAC_DIG_OUT,11460673,4
29221458,OD_SAUDE_RELAC_OUT,11460672,4
29221649,OD_SAUDE_SAC_RELAC_OUT,11460758,4
29287407,OD_SEGURANCA_CORP_OUT,11460919,4
29221572,OD_SIN_AUTO_360_OUT,11460725,4
29221574,OD_SIN_AUTO_AN_ELETRICOS_OUT,11460726,4
35589146,OD_SIN_AUTO_ANALISE_DEMAIS_OUT,11466174,4
35589148,OD_SIN_AUTO_ANALISE_FROTA_OUT,11466176,4
35589147,OD_SIN_AUTO_ANALISE_MOTOS_OUT,11466175,4
31545083,OD_SIN_AUTO_ANALISE_OUT,11461075,4
35589144,OD_SIN_AUTO_ANALISE_PRE_EL_OUT,11466172,4
35589145,OD_SIN_AUTO_ANALISE_SP_OUT,11466173,4
29269760,OD_SIN_AUTO_AZUL_OUT,11460842,4
29221576,OD_SIN_AUTO_ESPEC_DM_DIG_OUT,11460727,4
29221577,OD_SIN_AUTO_ESPEC_DM_OUT,11460727,4
35589133,OD_SIN_AUTO_LC_DEMAIS_EST_OUT,11466162,4
29221582,OD_SIN_AUTO_LC_IND_DIG_OUT,11460699,4
29221583,OD_SIN_AUTO_LC_IND_OUT,11460699,4
35589135,OD_SIN_AUTO_LC_PRE_FRO_ELP_OUT,11466164,4
35589132,OD_SIN_AUTO_LC_SP_OUT,11466160,4
35589134,OD_SIN_AUTO_LC_TAR_TEC_MOT_OUT,11466163,4
29221585,OD_SIN_AUTO_LIQUIDACAO_OUT,11460729,4
29221587,OD_SIN_AUTO_LIQUIDACAO_SUC_OUT,11460730,4
29221589,OD_SIN_AUTO_PAGADORIA_OUT,11460731,4
29221591,OD_SIN_AUTO_PERDA_PARC_PRE_OUT,11460732,4
29221593,OD_SIN_AUTO_PERDA_PARCIAL_OUT,11460733,4
29221595,OD_SIN_AUTO_PRE_FROTAP_DIG_OUT,11460735,4
29221596,OD_SIN_AUTO_PRE_FROTAP_OUT,11460734,4
29221598,OD_SIN_AUTO_RELAC_AZUL_OUT,11460736,4
29221600,OD_SIN_AUTO_SAC_OUT,11460724,4
29221602,OD_SIN_AUTO_SUC_PREM_FR_P_OUT,11460737,4
29221604,OD_SIN_AUTO_SUC_TRADIC_OUT,11460738,4
29221606,OD_SIN_AUTO_SUC_VIDROS_OUT,11460739,4
35589140,OD_SIN_AUTO_TAR_DEMAIS_EST_OUT,11466168,4
31545084,OD_SIN_AUTO_TAR_OUT,11461074,4
35589139,OD_SIN_AUTO_TAR_SP_OUT,11466167,4
29221608,OD_SIN_CARTA_VERDE_OUT,11460740,4
29221612,OD_SIN_ESP_DC_APP_OUT,11460741,4
29221616,OD_SIN_FORNEC_PECAS_OUT,11460743,4
29221618,OD_SIN_FROTA_II_OUT,11460744,4
29221619,OD_SIN_FROTA_PP_OUT,11460745,4
29221622,OD_SIN_IND_INT_COLISAO_SEG_OUT,11460746,4
29221624,OD_SIN_IND_INT_PREMIUM_OUT,11460747,4
29221626,OD_SIN_IND_INT_RCF_OUT,11460748,4
29221628,OD_SIN_IND_INT_RESOLUCAO_OUT,11460749,4
29221630,OD_SIN_IND_INT_ROUBO_FURTO_OUT,11460750,4
29221634,OD_SIN_OFICINAS_ELETRICOS_OUT,11460753,4
29221636,OD_SIN_OFICINAS_FROTA_P_OUT,11460754,4
35589149,OD_SIN_OFICINAS_OUT,11466177,4
29221638,OD_SIN_OFICINAS_PREMIUM_OUT,11460755,4
29221640,OD_SIN_OFICINAS_TRADIC_OUT,11460756,4
29221463,OD_SIN_RE_OUT,11460674,4
29221642,OD_SIN_SUP_CADASTRO_OUT,11460757,4
29221740,OD_SINDICANCIA_OUT,11460767,4
31545004,OD_SINISTRO_PRESTAD_ACCESS_OUT,11460768,4
29269211,OD_SINISTRO_PRESTADORES_OUT,11460768,4
29269104,OD_SUC_ABC_I_OUT,11460815,4
29269106,OD_SUC_ABC_II_OUT,11460815,4
29269108,OD_SUC_ALAGOAS_OUT,11460815,4
29269110,OD_SUC_BAHIA_OUT,11460815,4
29269112,OD_SUC_BRAGANCA_PAULISTA_OUT,11460815,4
29269114,OD_SUC_BRASILIA_OUT,11460815,4
29269116,OD_SUC_CAMPINAS_OUT,11460815,4
29269118,OD_SUC_CEARA_OUT,11460815,4
29269120,OD_SUC_ESPIRITO_SANTO_OUT,11460815,4
29269122,OD_SUC_GOIAS_OUT,11460815,4
29269124,OD_SUC_GRANDE_RIO_OUT,11460815,4
29269126,OD_SUC_GUARULHOS_OUT,11460815,4
29269128,OD_SUC_JUNDIAI_OUT,11460815,4
29269130,OD_SUC_LITORAL_PAULISTA_OUT,11460815,4
29269132,OD_SUC_MARANHAO_OUT,11460815,4
29269135,OD_SUC_MATO_GROSSO_DO_SUL_OUT,11460815,4
29269136,OD_SUC_MATO_GROSSO_OUT,11460815,4
29269138,OD_SUC_METRO_RJ_OUT,11460815,4
29269140,OD_SUC_MINAS_GERAIS_OUT,11460815,4
29269142,OD_SUC_MOGI_DAS_CRUZES_OUT,11460815,4
29269144,OD_SUC_NITEROI_INTERIOR_RJ_OUT,11460815,4
29269146,OD_SUC_NORTE_OUT,11460815,4
29269148,OD_SUC_PARAIBA_OUT,11460815,4
29269150,OD_SUC_PARANA_OUT,11460815,4
29269152,OD_SUC_PERNAMBUCO_OUT,11460815,4
29269154,OD_SUC_PIAUI_OUT,11460815,4
29269156,OD_SUC_PIRACICABA_OUT,11460815,4
29269158,OD_SUC_RIBEIRAO_PRETO_OUT,11460815,4
29269160,OD_SUC_RIO_GRANDE_NORTE_OUT,11460815,4
29269162,OD_SUC_RIO_GRANDE_SUL_OUT,11460815,4
29269163,OD_SUC_RJ_RIO_BRANCO_OUT,11460815,4
29269165,OD_SUC_SANTA_CATARINA_OUT,11460815,4
29269167,OD_SUC_SAO_JOSE_RIO_PRETO_OUT,11460815,4
29269168,OD_SUC_SAO_PAULO_II_OUT,11460815,4
29269169,OD_SUC_SAO_PAULO_III_OUT,11460815,4
29269170,OD_SUC_SAO_PAULO_OUT,11460815,4
29269172,OD_SUC_SERGIPE_OUT,11460815,4
29269174,OD_SUC_SOROCABA_OUT,11460815,4
29269178,OD_SUC_SP_CAMPOS_ELISIOS_OUT,11460815,4
29269182,OD_SUC_SP_LESTE_OUT,11460815,4
29269184,OD_SUC_SP_NORTE_OUT,11460815,4
29269186,OD_SUC_VALE_PARAIBA_OUT,11460815,4
29269192,OD_SUP_COMERCIAL_SP_OUT,11460816,4
29221473,OD_TRANSP_ACEITA_AVERB_OUT,11460675,4
29287560,OD_V_CAPS_ALPHAVILE_OUT,11460942,4
29287561,OD_V_CAPS_ANALIA_FRANCO_OUT,11460942,4
29287562,OD_V_CAPS_AUTODROMO_OUT,11460942,4
29287563,OD_V_CAPS_BANDEIRANTES_OUT,11460942,4
29287564,OD_V_CAPS_BARUERI_OUT,11460942,4
29287565,OD_V_CAPS_CAMPO_BELO_OUT,11460942,4
29287566,OD_V_CAPS_CERRO_CORA_OUT,11460942,4
29287567,OD_V_CAPS_EDGARD_FACO_OUT,11460942,4
29287568,OD_V_CAPS_IBIRAPUERA_OUT,11460942,4
29287569,OD_V_CAPS_JARDINS_OUT,11460942,4
29287570,OD_V_CAPS_LEOPOLDINA_OUT,11460942,4
29287571,OD_V_CAPS_PQ_SAO_DOMINGOS_OUT,11460942,4
29287572,OD_V_CAPS_RIO_BRANCO_OUT,11460942,4
29287573,OD_V_CAPS_SANTANA_OUT,11460942,4
29287574,OD_V_CAPS_SANTO_ANDRE_OUT,11460942,4
29287645,PREVIDENCIA_DIG_OUT,11460965,4
20868476,PREVIDENCIA_OUT,11460103,4
20868669,PREVIDENCIA_SUPERVISAO_OUT,11460104,4
35589670,PRIVATE_GERAL_OUT,11466144,4
31545971,PRIVATE_SUPERVISAO_OUT,11466151,4
29269502,PS_CAS_LOJISTA_OUT,11460826,4
29269505,PS_EMERGENCIAL_RECEPTIVO_OUT,11460827,4
25166489,PS_GERAL_DIG_OUT,11460505,4
25166415,PS_GERAL_OUT,11460504,4
29269508,PS_MAGALOCAL_DIG_OUT,11460830,4
29269506,PS_MSK_OUT,11460828,4
29269507,PS_MULTICANAL_DIG_OUT,11460829,4
25166416,PS_SUPERVISAO_OUT,11460506,4
25166161,RFC_DIG_OUT,11460443,4
25166116,RFC_OUT,11460433,4
25166109,RFC_SUP_OUT,11460432,4
23121307,SAC_DEC_AUTO_AZUL_OUT,11460391,4
23121308,SAC_DEC_AUTO_AZUL_SUP_OUT,11460392,4
25166273,SAUDE_ITAU_DIG_OUT,11460473,4
25166527,SAUDE_ITAU_OUT,11460472,4
25166264,SAUDE_ODONTO_DIG_OUT,11460470,4
25166270,SAUDE_ODONTO_OUT,11460469,4
25166269,SAUDE_ODONTO_SUP_OUT,11460471,4
25166267,SAUDE_OUT,11460474,4
25166266,SAUDE_PORTO_DIG_OUT,11460475,4
25166265,SAUDE_SUP_OUT,11460476,4
20868466,Test_Out,11460089,4
31507363,Teste outbound sem agente,11460090,4
31545724,TESTE_CONURBADAS,11460090,4
35589739,Teste_Outbound_Porto,11460090,4
35629237,Teste_PC,11460090,4
23121352,Transf_Santander,11460370,4
35589114,VENDAS_CROSS_SELL,11461086,4
20868671,VIDA_BACKOFFICE_OUT,11460100,4
20868512,VIDA_RETENCAO_OPER_OUT,11460107,4
20868504,VIDA_SAC_GESTOR_OUT,11460107,4
20868668,VIDA_SUPORTE_COMERCIAL_DIG_OUT,11460144,4
20868511,VIDA_SUPORTE_COMERCIAL_OUT,11460101,4
20868501,VIDA_VIAGEM_OUT,11460106,4
29269220,CO_CAS_PRESTADORES_RESID_1,11460824,4
29269221,CO_CAS_PRESTADORES_RESID_2,11460824,4
29269222,CO_CAS_SQUAD,11460825,4
29287428,CO_CAS_TRANSF,11460824,4
25166418,HD_ARMAZEMPB,11460502,4
29287427,HD_TRANSF,11460502,4
20907988,NO_AGENTS_CDC_FINANC_2,11460273,4
20907989,NO_AGENTS_CDC_FINANC_3,11460273,4
20907990,NO_AGENTS_CDC_FINANC_4,11460273,4
23121382,NUC_SIN_CARRO_EXTRA,11460359,4
29221231,OD_PORTO_NEGOCIOS_AON_HOLDING,11460607,4
29221232,OD_PORTO_NEGOCIOS_ASSEGUROU,11460607,4
29221233,OD_PORTO_NEGOCIOS_ASSERTA,11460607,4
29221240,OD_PORTO_NEGOCIOS_DKP,11460607,4
29221244,OD_PORTO_NEGOCIOS_IESA,11460607,4
29221306,OD_PORTO_NEGOCIOS_STELLANTIS,11460607,4
29221161,OD_RASTREADOR_SUPORTE_AGENDA,11460581,4
29221162,OD_RASTREADOR_SUPORTE_CORRETOR,11460581,4
29221163,OD_RASTREADOR_SUPORTE_MANUT,11460581,4
29221165,OD_RASTREADOR_SUPORTE_WEB,11460581,4
29221613,OD_SIN_ESP_PREMIUM,11460742,4
29221631,OD_SIN_OFICINAS_AZUL,11460752,4
35589661,ODPORTO_NEGOCIOS_MERCEDES_REN,11460607,4
29269217,PS_COMGAS_BACKOFFICE,11460823,4
29269218,PS_COMGAS_CONDOMINIO,11460823,4
29269216,PS_COMGAS_RECEPTIVO,11460822,4
29287429,PS_COMGAS_TRANSF_QUALIDADE,11460920,4
29269260,PS_EMG_ANGELONI,11460827,4
29269324,PS_EMG_ARMAZEM_PARAIBA,11460827,4
29269261,PS_EMG_AUTOPASS,11460827,4
29269225,PS_EMG_AXA_PREST,11460827,4
29269226,PS_EMG_AXA_SEG,11460827,4
29269288,PS_EMG_B2W,11460827,4
29269228,PS_EMG_BANESTES,11460827,4
29269290,PS_EMG_BIG,11460827,4
29269231,PS_EMG_CABURE,11460827,4
29269232,PS_EMG_CARDIF_ATACADAO,11460827,4
29269233,PS_EMG_CARREFOUR,11460827,4
29269266,PS_EMG_CASA_VIDEO,11460827,4
29269295,PS_EMG_CHUBB_QUINTO_ANDAR,11460827,4
29269297,PS_EMG_CPFL,11460827,4
29269267,PS_EMG_DMCARD,11460827,4
29269235,PS_EMG_ENEL_X,11460827,4
29269236,PS_EMG_EXTRA,11460827,4
29269300,PS_EMG_GBARBOSA,11460827,4
29269271,PS_EMG_ITAU,11460827,4
29269302,PS_EMG_KABUM,11460827,4
29269272,PS_EMG_LOJAS_AVENIDA,11460827,4
29269273,PS_EMG_MAGAZINE_LUIZA,11460827,4
29269306,PS_EMG_MASTER,11460827,4
29269274,PS_EMG_MSMAIS,11460827,4
29269275,PS_EMG_NAGEM,11460827,4
29269238,PS_EMG_OUTROS_AXA,11460827,4
29269242,PS_EMG_PERNAMBUCANAS,11460827,4
31545438,PS_EMG_PNB_BANCA,11460827,4
31545441,PS_EMG_PNB_VITIMADECRIME,11460827,4
29269253,PS_EMG_PREVISUL,11460827,4
29269255,PS_EMG_PROTEJA_SEU_PET,11460827,4
29269314,PS_EMG_SAMS,11460827,4
29269282,PS_EMG_ST_MOTORS,11460827,4
29287430,PS_EMG_TERRA,11460827,4
29269256,PS_EMG_TOKIO_MARINE,11460827,4
29287431,PS_EMG_TRANSF,11460827,4
29269257,PS_EMG_UNIMED,11460827,4
29269319,PS_EMG_VISA,11460827,4
29269320,PS_EMG_VIVO,11460827,4
29269283,PS_EMG_YAMAHA,11460827,4
29269362,PS_MSK_ARMAZEM_PARAIBA,11460828,4
29269328,PS_MSK_ASSURANT,11460828,4
29269330,PS_MSK_AXA,11460828,4
29269364,PS_MSK_B2W,11460828,4
29269340,PS_MSK_BANCO_CARREFOUR,11460828,4
29269366,PS_MSK_CARREFOUR,11460828,4
29269383,PS_MSK_CASAS_BAHIA,11460828,4
29269341,PS_MSK_CHUBB_QUINTO_ANDAR,11460828,4
29269395,PS_MSK_COMPRA_CERTA,11460828,4
29269400,PS_MSK_EXTRA,11460828,4
29269407,PS_MSK_FASTSHOP,11460828,4
29269408,PS_MSK_GBARBOSA,11460828,4
29269414,PS_MSK_KABUM,11460828,4
29269420,PS_MSK_MAGAZINE_LUIZA,11460828,4
29269447,PS_MSK_MERCADO_LIVRE,11460828,4
31545484,PS_MSK_ML_CARDIF_LU_AJUDA,11460828,4
29269451,PS_MSK_NOVO_MUNDO,11460828,4
29269453,PS_MSK_OUTROS,11460828,4
29269457,PS_MSK_PONTO_FRIO,11460828,4
29269464,PS_MSK_POSITIVO,11460828,4
29269475,PS_MSK_SONY,11460828,4
29269484,PS_MSK_SUPORTE_SAUDE,11460828,4
29269342,PS_MSK_TEMPO_ASSIST,11460828,4
29269354,PS_MSK_TOKIO_MARINE,11460828,4
29269355,PS_MSK_TOO_SEGUROS,11460828,4
29287434,PS_MSK_TRANSF,11460828,4
29269357,PS_MSK_VIVO,11460828,4
29269630,SAUDE_EXAMES_ITAU_OLD,11460472,4
29269631,SAUDE_INTERNACAO_ITAU_OLD,11460472,4
31507619,URA_BANK_TRIAGEM_CONQUISTA,11460273,4
31507617,URA_BANK_TRIAGEM_PORTOPAR,11460273,4
31507478,URA_SAC_DECRETO_PREVIDENCIA,11460273,4
31507520,URA_SAC_SAUDE_ITAU,11460273,4
31507521,URA_SAC_SAUDE_PORTOMED,11460273,4
31507608,URA_SERVICO_HONDA,11460273,4
23121005,ASSIST_24H_OUT,11460334,4
23121022,ASSIST_24H_SUP_OUT,11460335,4
23121303,AVISO_SINISTRO_OUT,11460336,4
23121304,AVISO_SINISTRO_SUP_OUT,11460358,4
20868665,CENTRAL_VIDA_DIG_OUT,11460141,4
20868666,CENTRAL_VIDA_SINISTRO_DIG_OUT,11460142,4
20868670,CENTRAL_VIDA_SINISTRO_OUT,11460098,4
20868490,CENTRAL_VIDA_SINISTRO_OUTBOUND,11460098,4
20868667,EMISSAO_VIDA_DIG_OUT,11460143,4
20868497,EMISSAO_VIDA_OUT,11460099,4
20868664,FINANCIAMENTO_DIG_OUT,11460140,4
29221164,OD_RASTREADOR_SUPORTE_OUT,11460581,4
29221579,OD_SIN_AUTO_FORN_PECAS_DIG_OUT,11460728,4
29221580,OD_SIN_AUTO_FORN_PECAS_OUT,11460728,4
29221614,OD_SIN_ESP_PREMIUM_OUT,11460742,4
29221632,OD_SIN_OFICINAS_AZUL_OUT,11460752,4
20868505,PREVIDENCIA_SUP_OUTBOUND,11460104,4
29269504,PS_COMGAS_BACKOFFICE_OUT,11460823,4
29269503,PS_COMGAS_RECEPTIVO_OUT,11460822,4
20868492,VIDA_BACKOFFICE_OUTBOUND,11460100,4
29269599,ASSISTENCIA_AT_VD,11460090,6
29269600,ATD_LIBRAS_VD,11460812,6
23120684,Surfly_Entry,11461085,6
23121602,C_OD_EMISSAO_ODONTO_CORRETOR,11460430,9
31507198,C_OD_EMISSAO_ODONTO_PRESTADOR,11460659,9
23121601,C_OD_EMISSAO_SAUDE_MOVIMENTA,11460661,9
23121600,C_OD_EMISSAO_SAUDE_NOVAS_EMP,11460661,9
20869430,C_OD_SAUDE_OCUP_ITAU,11460671,9
20869433,C_OD_SAUDE_OCUP_RELAC,11460671,9
20869434,C_OD_SAUDE_OCUP_RELAC_CORRETOR,11460671,9
20869432,C_OD_SAUDE_OCUP_VERZANI,11460671,9
20869431,C_OD_SAUDE_OCUP_ZUP,11460671,9
31545936,C_PRIVATE_AG01,11466148,9
31545937,C_PRIVATE_AG02,11466148,9
31545938,C_PRIVATE_AG03,11466148,9
31545939,C_PRIVATE_AG04,11466148,9
31545941,C_PRIVATE_AG05,11466148,9
31545942,C_PRIVATE_AG06,11466148,9
31545943,C_PRIVATE_AG07,11466148,9
31545944,C_PRIVATE_AG08,11466148,9
31545945,C_PRIVATE_AG09,11466148,9
31545946,C_PRIVATE_AG10,11466148,9
31545947,C_PRIVATE_AG11,11466148,9
31545948,C_PRIVATE_AG12,11466148,9
31545949,C_PRIVATE_AG13,11466148,9
31545950,C_PRIVATE_AG14,11466148,9
31545951,C_PRIVATE_AG15,11466148,9
31545952,C_PRIVATE_GERAL,11466148,9
35590049,Homol_PesquisaNPS,11460089,9
23121272,nice_chat_test,11460089,9
23121535,ODONTO_CORP_PME,11460354,9
23120704,SAUDE_CORP_PME,11460354,9
35629200,Teste_Betta_Digital,11466319,9
35629201,Teste_Dig_1,11466319,9
31545093,W_OD_SIN_AUTO_360,11460725,9
31545404,W_OD_SIN_AUTO_360_AG1,11460725,9
31545405,W_OD_SIN_AUTO_360_AG2,11460725,9
31545406,W_OD_SIN_AUTO_360_AG3,11460725,9
31545935,W_OD_SIN_AUTO_360_AG4,11460725,9
31545403,W_OD_SIN_AUTO_360_HML,11460725,9
35589075,W_PILOTO_ZENVIA,11460183,9
31545953,W_PRIVATE_AG01,11466148,9
31545954,W_PRIVATE_AG02,11466148,9
31545955,W_PRIVATE_AG03,11466148,9
31545956,W_PRIVATE_AG04,11466148,9
31545957,W_PRIVATE_AG05,11466148,9
31545958,W_PRIVATE_AG06,11466148,9
31545959,W_PRIVATE_AG07,11466148,9
31545960,W_PRIVATE_AG08,11466148,9
31545961,W_PRIVATE_AG09,11466148,9
31545962,W_PRIVATE_AG10,11466148,9
31545963,W_PRIVATE_AG11,11466148,9
31545964,W_PRIVATE_AG12,11466148,9
31545965,W_PRIVATE_AG13,11466148,9
31545966,W_PRIVATE_AG14,11466148,9
31545967,W_PRIVATE_AG15,11466148,9
31545968,W_PRIVATE_GERAL,11466148,9
31545399,WhatsApp_Sinistro,11461078,9
29287742,C_OD_SAUDE_COMERCIAL,11460669,9
23121092,ASSIST_INTER_SANTANDER,11460370,4
35589100,ASSIST_INTER_SANTANDER_VIP,11466179,4
23121013,ASSIST_ITAU_SERV_AMBIENT,11460338,4
23121014,ASSIST_MONDIAL,11460336,4
23121015,ASSIST_PORTOCAP,11460338,4
23121016,ASSIST_RE_ITAU,11460338,4
23121017,ASSIST_RE_MITSUI,11460338,4
23121018,ASSIST_RE_PORTO,11460338,4
35589117,ASSIST_RE_PORTO_PREMIUM,11466108,4
35589118,ASSIST_RE_PORTO_PRIVATE,11466125,4
23121298,ASSIST_RE_PROD_ITAU,11460338,4
23121019,ASSIST_RENNER_SEG_BIZ,11460338,4
23121091,ASSIST_SANTANDER,11460370,4
23121097,ASSIST_SANTANDER_SUP,11460372,4
35589099,ASSIST_SANTANDER_VIP,11466179,4
35589831,ASSIST_SEGURO_BIKE_RD_RE,11460338,4
23121094,ASSIST_SIN_SANTANDER,11460373,4
23121274,ASSIST_SUCURSAL,11460336,4
25166084,AUTO_FROTA_ASSIST_CARROF,11460355,4
25166085,AUTO_FROTA_ASSIST_CARROF_LIDER,11460355,4
25166086,AUTO_FROTA_ASSIST_ITAU,11460355,4
25166087,AUTO_FROTA_ASSIST_PORTO,11460355,4
25166088,AUTO_FROTA_CAR_RESERVA_MITSUI,11460355,4
25166089,AUTO_FROTA_CAR_RESERVA_PORTO,11460355,4
25166090,AUTO_FROTA_CARROF_LIDERES,11460355,4
25166091,AUTO_FROTA_GERAL_MITSUI,11460355,4
25166092,AUTO_FROTA_GUINCHO_PORTO,11460355,4
23121336,AUTO_FROTA_ITAU,11460355,4
23121337,AUTO_FROTA_MITSUI,11460355,4
23121338,AUTO_FROTA_PORTO,11460355,4
23121339,AUTO_FROTA_SUP,11460356,4
25166093,AUTO_FROTA_VIDROS_PORTO,11460355,4
23121325,AUTO_PREMIUM_SUP,11460376,4
25166094,AVISO_SIN_ASSIST_AUTO_AZUL,11460336,4
25166095,AVISO_SIN_ASSIST_AUTO_ITAU,11460336,4
23121279,AVISO_SIN_AUTO_AZUL,11460336,4
31545796,AVISO_SIN_AUTO_AZUL_PREMIUM,11466109,4
31545835,AVISO_SIN_AUTO_AZUL_PRIVATE,11466126,4
23121280,AVISO_SIN_AUTO_ITAU,11460336,4
23121281,AVISO_SIN_AUTO_MITSUI,11460336,4
23121282,AVISO_SIN_AUTO_PORTO,11460336,4
31545797,AVISO_SIN_AUTO_PORTO_PREMIUM,11466109,4
31545836,AVISO_SIN_AUTO_PORTO_PRIVATE,11466126,4
23121300,AVISO_SIN_AUTO_R3_AZUL,11460336,4
25166096,AVISO_SIN_AVERBACAO_PORTO,11460336,4
31545798,AVISO_SIN_C_RES_AZUL_PREMIUM,11466109,4
31545837,AVISO_SIN_C_RES_AZUL_PRIVATE,11466126,4
29269358,PS_MSK_AMAZON,11460828,4
29269359,PS_MSK_AMERICANAS,11460828,4
31545458,PS_MSK_AMERICANAS_SUPORTE,11460828,4
29269361,PS_MSK_ANGELONI,11460828,4
31545459,PS_MSK_AXA_ITAU,11460828,4
29269365,PS_MSK_BIG,11460828,4
31545460,PS_MSK_CARREFOUR_AGEND,11460828,4
31545461,PS_MSK_CARREFOUR_CNP_INFO,11460828,4
31545462,PS_MSK_CARREFOUR_ECOM_AGEND,11460828,4
31545463,PS_MSK_CARREFOUR_ECOM_PNEU,11460828,4
31545464,PS_MSK_CARREFOUR_PNEU,11460828,4
31545465,PS_MSK_CARREFOUR_RESID,11460828,4
29269381,PS_MSK_CASA_DO_SUPORTE,11460828,4
29269379,PS_MSK_CASA_VIDEO,11460828,4
31545466,PS_MSK_CB_AGEND,11460828,4
31545467,PS_MSK_CB_CELULAR,11460828,4
31545468,PS_MSK_CB_SUP_AUDIO_VIDEO,11460828,4
31545469,PS_MSK_CB_VIS_AUDIO_VIDEO,11460828,4
31545470,PS_MSK_CB_VISITA,11460828,4
29269392,PS_MSK_CNOVA,11460828,4
31545471,PS_MSK_CNOVA_INFO,11460828,4
31545472,PS_MSK_CNOVA_SUPORTE,11460828,4
31545473,PS_MSK_CNOVA_VISITAS,11460828,4
29269397,PS_MSK_CONDOR,11460828,4
31545474,PS_MSK_EXTRA_INFO,11460828,4
31545475,PS_MSK_GBARBOSA_INFO,11460828,4
31545476,PS_MSK_GBARBOSA_VISITAS,11460828,4
29269410,PS_MSK_GIRAFA,11460828,4
31545477,PS_MSK_GIRAFA_SUPORTE_TECNICO,11460828,4
31545491,PS_MSK_HP_TROCO_SORTE,11460828,4
29269412,PS_MSK_IMPERIO,11460828,4
31545478,PS_MSK_KABUM_ROUBO_FURTO,11460828,4
31545479,PS_MSK_KABUM_SUPORTE,11460828,4
29287432,PS_MSK_KOERICH,11460828,4
29269417,PS_MSK_LASA,11460828,4
29287433,PS_MSK_LEBES,11460828,4
31545480,PS_MSK_LUCONECTA_MISSAO_DIG,11460828,4
31545481,PS_MSK_LUCONECTA_TEC,11460828,4
29269418,PS_MSK_MACAVI,11460828,4
31545482,PS_MSK_ML_CANAL_DIREITO,11460828,4
31545483,PS_MSK_ML_CARDIF_CASA_PROTEG,11460828,4
31545485,PS_MSK_ML_CARDIF_ROUBO_FURTO,11460828,4
31545486,PS_MSK_ML_ECOMMERCE_INFO,11460828,4
31545487,PS_MSK_ML_SOLUCOES_IMP,11460828,4
31545488,PS_MSK_ML_SOLUCOES_PNEU,11460828,4
31545489,PS_MSK_ML_SOLUCOES_SUP,11460828,4
31545490,PS_MSK_ML_SOLUCOES_VIS,11460828,4
29269448,PS_MSK_NAGEM,11460828,4
29269326,PS_MSK_OUZE,11460828,4
29221319,OD_PORTO_NEGOCIOS_VOLKS_RENOV,11460607,4
29221324,OD_PORTO_NEGOCIOS_YAMAHA,11460607,4
29221714,OD_PORTO_SOCORRO_BENEFICIOS,11460764,4
29221715,OD_PORTO_SOCORRO_CADASTRO,11460764,4
29221743,OD_PORTO_SOCORRO_ESCOLA_SERVIC,11460905,4
29221716,OD_PORTO_SOCORRO_EXTRATO_PGTO,11460764,4
29221717,OD_PORTO_SOCORRO_INSUMO_SUPRI,11460764,4
29221718,OD_PORTO_SOCORRO_NOTA_FISCAL,11460764,4
29221720,OD_PORTO_SOCORRO_PAGAMENTO,11460764,4
29221721,OD_PORTO_SOCORRO_PARC_PREMIADA,11460764,4
29221722,OD_PORTO_SOCORRO_RELAC,11460764,4
29221723,OD_PORTO_SOCORRO_SAC_ASSIST,11460764,4
29221724,OD_PORTO_SOCORRO_SAC_CAPS_VIST,11460764,4
29221725,OD_PORTO_SOCORRO_SAC_CLIENTE,11460764,4
29221726,OD_PORTO_SOCORRO_SAC_PRESTADOR,11460764,4
29221727,OD_PORTO_SOCORRO_SELECAO,11460764,4
29221728,OD_PREVENCAO_FRAUDE_AUTO,11460765,4
29221729,OD_PREVENCAO_FRAUDE_CARROFACIL,11460765,4
29221736,OD_PREVENCAO_FRAUDE_CORRETOR,11460765,4
29221731,OD_PREVENCAO_FRAUDE_PORTOSEG,11460765,4
29221732,OD_PREVENCAO_FRAUDE_PRESTADOR,11460765,4
29221733,OD_PREVENCAO_FRAUDE_RE,11460765,4
29221734,OD_PREVENCAO_FRAUDE_SERVICOS,11460765,4
29221735,OD_PREVENCAO_FRAUDE_VIDAPREV,11460765,4
29221325,OD_PRODUCAO_CADASTRO_COR,11460593,4
29221327,OD_PRODUCAO_CADASTRO_SUC,11460593,4
29221328,OD_PRODUCAO_SAC,11460609,4
29221413,OD_RAST_SUPORTE_AGENDA,11460581,4
29221415,OD_RAST_SUPORTE_CORRETOR,11460581,4
29221414,OD_RAST_SUPORTE_MANUT,11460581,4
29221154,OD_RASTREADOR_CALLBACK,11460580,4
29221155,OD_RASTREADOR_CARROFACIL,11460580,4
29221156,OD_RASTREADOR_CARROFACIL_LIDER,11460580,4
29221158,OD_RASTREADOR_SINISTRO_FROTA,11460580,4
29221159,OD_RASTREADOR_SINISTRO_GERAL,11460580,4
29221160,OD_RASTREADOR_SINISTRO_ITAU,11460580,4
29221438,OD_RE_INSPECAO,11460665,4
29221440,OD_RE_SIN_SAC_PRODUTO,11460666,4
29221525,OD_RECUPERACAO_VEICULOS,11460704,4
35589083,OD_REGULAC_DNC_PRE_ELE_FRO_PES,11466178,4
35589084,OD_REGULAC_REV_PRE_ELE_FRO_PES,11466165,4
35589085,OD_REGULAC_TAR_PRE_ELE_FRO_PES,11466166,4
35589090,OD_REGULAC_TEC_DEMAIS_ESTADOS,11466171,4
31545866,PRIVATE_AG06,11466144,4
31545867,PRIVATE_AG07,11466144,4
31545868,PRIVATE_AG08,11466144,4
31545869,PRIVATE_AG09,11466144,4
31545870,PRIVATE_AG10,11466144,4
31545871,PRIVATE_GERAL,11466144,4
31545970,PRIVATE_SUPERVISAO,11466151,4
35589659,PS_180SEGUROS_RE,11460504,4
25166479,PS_ALBERT_EINSTEIN,11460504,4
25166480,PS_ARVAL,11460504,4
25166481,PS_ARVAL_PREMIUM,11460504,4
31544982,PS_ASSA_ABLOY,11460504,4
25166482,PS_BANK_MASSIFICADOS,11460504,4
25166483,PS_BYD,11460504,4
25166484,PS_CARRO_FACIL,11460504,4
25166485,PS_CARRO_FACIL_LIDERES,11460504,4
29269223,PS_CAS_LOJISTA,11460826,4
29269094,PS_CHUBB,11460504,4
35629363,PS_CLUBE_BLINDADO,11460504,4
25166486,PS_CONDOMINIOS,11460504,4
25166487,PS_CONECTCAR,11460504,4
31545746,PS_DUCATTI,11460504,4
35589737,PS_EMG_180SEG_FUNERAL,11460827,4
35589738,PS_EMG_180SEG_PET,11460827,4
29269284,PS_EMG_AMEX,11460827,4
31545413,PS_EMG_ANGELONI_AUTO,11460827,4
31545414,PS_EMG_AXA_PREST_AUTO,11460827,4
31545415,PS_EMG_AXA_PREST_FUNERAL,11460827,4
31545416,PS_EMG_AXA_SEG_CESTA,11460827,4
35629208,PS_EMG_AXA_SEG_FUNERAL,11460827,4
31545417,PS_EMG_AXA_SEG_RESIDENCIAL,11460827,4
31545418,PS_EMG_AXA_SEG_VITIMA,11460827,4
31545419,PS_EMG_BIG_RESIDENCIAL,11460827,4
29269229,PS_EMG_BV_FINANCEIRO,11460827,4
31545420,PS_EMG_BV_FINANCEIRO_FUNERAL,11460827,4
31545421,PS_EMG_BV_FINANCEIRO_PET,11460827,4
31545422,PS_EMG_CARREFOUR_AUTO,11460827,4
31545423,PS_EMG_CARREFOUR_ECOM_AUTO,11460827,4
31545424,PS_EMG_CARREFOUR_ECOM_PET,11460827,4
31545425,PS_EMG_CARREFOUR_ECOM_RESID,11460827,4
31545426,PS_EMG_CARREFOUR_PET,11460827,4
31545427,PS_EMG_CASA_E_VIDEO_AUTO,11460827,4
31545428,PS_EMG_CASA_E_VIDEO_RESID,11460827,4
29269294,PS_EMG_CASSOL_CENTER,11460827,4
29269296,PS_EMG_COPA_ENERGIA,11460827,4
31545429,PS_EMG_DOMICILIO,11460827,4
29269268,PS_EMG_ELSYS,11460827,4
29269494,PS_EMG_FAMILHAO,11460827,4
31545430,PS_EMG_GBARBOSA_RESIDENCIAL,11460827,4
29269303,PS_EMG_KALUNGA,11460827,4
29269237,PS_EMG_MERCADO_LIVRE,11460827,4
29221501,OD_ACEITACAO_AUTO_ESTRATEGICO,11460694,4
29221504,OD_ACEITACAO_AUTO_SAC,11460696,4
29221506,OD_ACEITACAO_EMIS_AUTO_SAC,11460697,4
29221209,OD_ASS_CONSORCIO_GAGO_OUT,11460592,4
29221508,OD_ASSESSORIA_JURIDICA,11460698,4
29221221,OD_CANAL_BANCO_AG_DIGITAL,11460594,4
29221222,OD_CANAL_BANCO_AG_FISICA,11460594,4
29221223,OD_CANAL_BANCO_APOIO,11460594,4
29221224,OD_CANAL_BANCO_ATENTO,11460594,4
29221225,OD_CANAL_BANCO_AUTO,11460594,4
29221226,OD_CANAL_BANCO_CLICK_RESIDE,11460594,4
29221228,OD_CANAL_BANCO_CLICK_TO_CALL,11460594,4
29221230,OD_CANAL_BANCO_CONFLITO_CANAL,11460594,4
29221235,OD_CANAL_BANCO_CONTINGENCIA,11460594,4
29221689,OD_CANAL_BANCO_CRED,11460594,4
29221251,OD_CANAL_BANCO_DIGITAL,11460594,4
29221252,OD_CANAL_BANCO_DIRETORES,11460594,4
29221690,OD_CANAL_BANCO_EA_CONSU,11460594,4
29221254,OD_CANAL_BANCO_EA_CONSULTORES,11460594,4
29221255,OD_CANAL_BANCO_ICARROS,11460594,4
29221256,OD_CANAL_BANCO_ITAUCRED,11460594,4
29221257,OD_CANAL_BANCO_LOCALIZA,11460594,4
29221691,OD_CANAL_BANCO_M_FROTA,11460594,4
29221258,OD_CANAL_BANCO_MESA,11460594,4
29221260,OD_CANAL_BANCO_MESA_FROTA,11460594,4
29221261,OD_CANAL_BANCO_MULTI,11460594,4
29221264,OD_CANAL_BANCO_PERSON,11460594,4
29221267,OD_CANAL_BANCO_PILOTO,11460594,4
29221268,OD_CANAL_BANCO_PJ_ENDOSSO,11460594,4
29221269,OD_CANAL_BANCO_PJ_NOVO,11460594,4
29221270,OD_CANAL_BANCO_PJ_RENOVACAO,11460594,4
29221272,OD_CANAL_BANCO_PRIVATE,11460594,4
29221692,OD_CANAL_BANCO_PRIVATE_ATENDIM,11460594,4
29221273,OD_CANAL_BANCO_RECONQ,11460594,4
29221274,OD_CANAL_BANCO_RECONQ_PERSON,11460594,4
29221276,OD_CANAL_BANCO_REMOTO,11460594,4
29221277,OD_CANAL_BANCO_RENOVACAO,11460594,4
29221279,OD_CANAL_BANCO_RESIDENCIA,11460594,4
29221280,OD_CANAL_BANCO_SAC,11460594,4
29221281,OD_CANAL_BANCO_UNICLASS,11460594,4
29221282,OD_CANAL_BANCO_VAR,11460594,4
29221283,OD_CANAL_BANCO_VOL1,11460594,4
29221285,OD_CANAL_BANCO_VOL2,11460594,4
