tipo_servico,profile,skill_pri,skill_name
JORNADA_AUTO_CARRO_RES_ITAU,JORNADA_AUTO,23120985,JORNADA_AUTO_CARRO_RES_ITAU
JORNADA_AUTO_CARRO_RESERVA,JORNADA_AUTO,23120986,JORNADA_AUTO_CARRO_RES_PORTO
JORNADA_AUTO_GERAL_AZUL,JORNADA_AUTO,23120987,JORNADA_AUTO_GERAL_AZUL
JORNADA_AUTO_GERAL_ITAU,JORNADA_AUTO,23120988,JORNADA_AUTO_GERAL_ITAU
JORNADA_AUTO_GERAL_MITSUI,JORNADA_AUTO,23120989,JORNADA_AUTO_GERAL_MITSUI
JORNADA_AUTO_GERAL,JORNADA_AUTO,23120990,JORNADA_AUTO_GERAL_PORTO
JORNADA_AUTO_PRO_CARRO_RES_AZUL,JORNADA_AUTO,23121023,JORNADA_AUTO_PRO_CAR_RES_AZUL
JORNADA_AUTO_PRO_CARRO_RES_MITSUI,JORNADA_AUTO,23121024,JORNADA_AUTO_PRO_CAR_RES_MITSU
JORNADA_AUTO_RET_LOCALIZA_AZUL,JORNADA_AUTO,23120994,JORNADA_AUTO_RET_LOCALIZA_AZUL
JORNADA_AUTO_RET_LOCALIZA_ITAU,JORNADA_AUTO,23120995,JORNADA_AUTO_RET_LOCALIZA_ITAU
JORNADA_AUTO_RET_LOCALIZA_MITSUI,JORNADA_AUTO,23121026,JORNADA_AUTO_RET_LCZA_MITSUI
JORNADA_AUTO_RETORNO_LOCALIZA_ACOMPANHAMENTO,JORNADA_AUTO,23121027,JORNADA_AUTO_RET_LCZA_PORTO
JORNADA_AUTO_RETORNO_LOCALIZA_AVISO,JORNADA_AUTO,23121027,JORNADA_AUTO_RET_LCZA_PORTO
JORNADA_AUTO_SINISTRO,JORNADA_AUTO,25166322,JORNADA_AUTO_SIN_PORTO
JORNADA_RE_GERAL_ITAU,JORNADA_RE,23120998,JORNADA_RE_GERAL_ITAU
JORNADA_RE_GERAL,JORNADA_RE,23120999,JORNADA_RE_GERAL_PORTO
JORNADA_RE_RET_SERVICOS_ITAU,JORNADA_RE,23121001,JORNADA_RE_RET_SERVICOS_ITAU
JORNADA_RE_RET_SERVICOS,JORNADA_RE,23121002,JORNADA_RE_RET_SERVICOS_PORTO
JORNADA_RE_SINISTRO,JORNADA_RE,25166325,JORNADA_RE_SIN_PORTO
AZUL_R3_AVISO_SINISTRO,AVISO_SINISTRO,23121300,AVISO_SIN_AUTO_R3_AZUL
AZUL_R3_GUINCHO_COLISAO,AVISO_SINISTRO,23121301,AVISO_SIN_GUIN_COLISAO_R3_AZUL
AZUL_SP_SAC_DECRETO,AVISO_SINISTRO,23121296,SAC_DEC_AUTO_AZUL
NUCLEO_SAC_DEC_TRB_AZUL,AVISO_SINISTRO,23121310,SAC_DEC_AUTO_TRB_AZUL
ITAU_ASSISTENCIA_RE_PRODUTOR,AVISO_SINISTRO,23121298,ASSIST_RE_PROD_ITAU
AZUL_AVISO_SINISTRO,AVISO_SINISTRO,23121279,AVISO_SIN_AUTO_AZUL
AZUL_AVISO_SINISTRO_DIGITAL,AVISO_SINISTRO,23121279,AVISO_SIN_AUTO_AZUL
AZUL_AVISO_SINISTRO_NR,AVISO_SINISTRO,23121279,AVISO_SIN_AUTO_AZUL
AZUL_SERVICOS_PANE_MADRUGADA,AVISO_SINISTRO,25166094,AVISO_SIN_ASSIST_AUTO_AZUL
AZUL_SERVICOS_PANE_MADRUGADA_NR,AVISO_SINISTRO,25166094,AVISO_SIN_ASSIST_AUTO_AZUL
AZUL_SERVICOS_PANE_MADRUGADA_REG,AVISO_SINISTRO,25166094,AVISO_SIN_ASSIST_AUTO_AZUL
AZUL_MADRUGADA_AUTO,AVISO_SINISTRO,23121279,AVISO_SIN_AUTO_AZUL
ITAU_COMUNICAR_SINISTRO,AVISO_SINISTRO,23121280,AVISO_SIN_AUTO_ITAU
ITAU_COMUNICAR_SINISTRO_DIGITAL,AVISO_SINISTRO,23121280,AVISO_SIN_AUTO_ITAU
ITAU_COMUNICAR_SINISTRO_REG,AVISO_SINISTRO,23121280,AVISO_SIN_AUTO_ITAU
ITAU_SERVICOS_PANE_MADRUGADA,AVISO_SINISTRO,25166095,AVISO_SIN_ASSIST_AUTO_ITAU
ITAU_SERVICOS_PANE_MADRUGADA_REG,AVISO_SINISTRO,25166095,AVISO_SIN_ASSIST_AUTO_ITAU
ITAU_MADRUGADA_AUTO,AVISO_SINISTRO,23121280,AVISO_SIN_AUTO_ITAU
MITSUI_AUTO_GERAL,AVISO_SINISTRO,23121281,AVISO_SIN_AUTO_MITSUI
333PORTO_MENU_REDUZIDO_AUTO_AUDI,AVISO_SINISTRO,23121282,AVISO_SIN_AUTO_PORTO
AVISO_SINISTRO_PRODUTOR_ITAU_PORTO_AZUL,AVISO_SINISTRO,23121282,AVISO_SIN_AUTO_PORTO
COMUNICAR_SINISTRO_SICOOB,AVISO_SINISTRO,23121282,AVISO_SIN_AUTO_PORTO
COMUNICAR_SINISTRO_SICOOB_DIGITAL,AVISO_SINISTRO,23121282,AVISO_SIN_AUTO_PORTO
333PORTO_MENU_REDUZIDO_AUTO,AVISO_SINISTRO,23121282,AVISO_SIN_AUTO_PORTO
333PORTO_MENU_REDUZIDO_AUTO_ATT,AVISO_SINISTRO,23121282,AVISO_SIN_AUTO_PORTO
333PORTO_MENU_REDUZIDO_AUTO_ATT_AUDI,AVISO_SINISTRO,23121282,AVISO_SIN_AUTO_PORTO
333PORTO_MENU_REDUZIDO_AUTO_ATT_VW,AVISO_SINISTRO,23121282,AVISO_SIN_AUTO_PORTO
333PORTO_MENU_REDUZIDO_NR,AVISO_SINISTRO,23121282,AVISO_SIN_AUTO_PORTO
333PORTO_MENU_REDUZIDO_AUTO_RC,AVISO_SINISTRO,23121282,AVISO_SIN_AUTO_PORTO
333PORTO_MENU_REDUZIDO_AUTO_RC_AUDI,AVISO_SINISTRO,23121282,AVISO_SIN_AUTO_PORTO
333PORTO_MENU_REDUZIDO_AUTO_RC_VW,AVISO_SINISTRO,23121282,AVISO_SIN_AUTO_PORTO
333PORTO_MENU_REDUZIDO_AUTO_VW,AVISO_SINISTRO,23121282,AVISO_SIN_AUTO_PORTO
333PORTO_MENU_REDUZIDO_TRANSF_SINISTRO_AUTO,AVISO_SINISTRO,23121282,AVISO_SIN_AUTO_PORTO
PILOTO_AVISO_UNIFICADO_UB,AVISO_SINISTRO,23121282,AVISO_SIN_AUTO_PORTO
PORTO_CARRO_FACIL,AVISO_SINISTRO,25166097,AVISO_SIN_CARRO_FACIL_PORTO
PORTO_COMUNICAR_SINISTRO_VVD,AVISO_SINISTRO,23121282,AVISO_SIN_AUTO_PORTO
PORTO_COMUNICAR_SINISTRO,AVISO_SINISTRO,23121282,AVISO_SIN_AUTO_PORTO
PORTO_COMUNICAR_SINISTRO_APL,AVISO_SINISTRO,23121282,AVISO_SIN_AUTO_PORTO
PORTO_COMUNICAR_SINISTRO_ATT,AVISO_SINISTRO,23121282,AVISO_SIN_AUTO_PORTO
PORTO_COMUNICAR_SINISTRO_ATT_AUDI,AVISO_SINISTRO,23121282,AVISO_SIN_AUTO_PORTO
PORTO_COMUNICAR_SINISTRO_AUDI,AVISO_SINISTRO,23121282,AVISO_SIN_AUTO_PORTO
PORTO_COMUNICAR_SINISTRO_CORRETOR,AVISO_SINISTRO,23121282,AVISO_SIN_AUTO_PORTO
PORTO_COMUNICAR_SINISTRO_DIGITAL,AVISO_SINISTRO,23121282,AVISO_SIN_AUTO_PORTO
PORTO_COMUNICAR_SINISTRO_MI,AVISO_SINISTRO,23121282,AVISO_SIN_AUTO_PORTO
PORTO_COMUNICAR_SINISTRO_NR,AVISO_SINISTRO,23121282,AVISO_SIN_AUTO_PORTO
PORTO_COMUNICAR_SINISTRO_RC,AVISO_SINISTRO,23121282,AVISO_SIN_AUTO_PORTO
PORTO_COMUNICAR_SINISTRO_RC_AUDI,AVISO_SINISTRO,23121282,AVISO_SIN_AUTO_PORTO
PORTO_COMUNICAR_SINISTRO_RC_VW,AVISO_SINISTRO,23121282,AVISO_SIN_AUTO_PORTO
PORTO_COMUNICAR_SINISTRO_REG,AVISO_SINISTRO,23121282,AVISO_SIN_AUTO_PORTO
PORTO_COMUNICAR_SINISTRO_VW,AVISO_SINISTRO,23121282,AVISO_SIN_AUTO_PORTO
AZUL_CARRO_RESERVA,AVISO_SINISTRO,23121283,AVISO_SIN_CARRO_RESERVA_AZUL
SINISTRO_AZUL_CARRO_RESERVA,AVISO_SINISTRO,23121283,AVISO_SIN_CARRO_RESERVA_AZUL
AZUL_CARRO_RESERVA_LOCADORA,AVISO_SINISTRO,23121283,AVISO_SIN_CARRO_RESERVA_AZUL
AZUL_CARRO_RESERVA_NR,AVISO_SINISTRO,23121283,AVISO_SIN_CARRO_RESERVA_AZUL
ITAU_CARRO_RESERVA,AVISO_SINISTRO,23121284,AVISO_SIN_CARRO_RESERVA_ITAU
PORTO_CARRO_RESERVA_PRORROG_ITAU,AVISO_SINISTRO,23121284,AVISO_SIN_CARRO_RESERVA_ITAU
CARRO_RESERVA,AVISO_SINISTRO,23121285,AVISO_SIN_CARRO_RESERVA_PORTO
CARRO_RESERVA_FORA_DO_HORARIO,AVISO_SINISTRO,23121285,AVISO_SIN_CARRO_RESERVA_PORTO
CARRO_RESERVA_SICOOB,AVISO_SINISTRO,23121285,AVISO_SIN_CARRO_RESERVA_PORTO
PORTO_CARRO_RESERVA_VVD,AVISO_SINISTRO,23121285,AVISO_SIN_CARRO_RESERVA_PORTO
PORTO_CARRO_RESERVA,AVISO_SINISTRO,23121285,AVISO_SIN_CARRO_RESERVA_PORTO
PORTO_CARRO_RESERVA_AUDI,AVISO_SINISTRO,23121285,AVISO_SIN_CARRO_RESERVA_PORTO
PORTO_CARRO_RESERVA_LOCADORA,AVISO_SINISTRO,23121285,AVISO_SIN_CARRO_RESERVA_PORTO
PORTO_CARRO_RESERVA_MI,AVISO_SINISTRO,23121285,AVISO_SIN_CARRO_RESERVA_PORTO
PORTO_CARRO_RESERVA_NR,AVISO_SINISTRO,23121285,AVISO_SIN_CARRO_RESERVA_PORTO
PORTO_CARRO_RESERVA_PARTICULAR,AVISO_SINISTRO,23121285,AVISO_SIN_CARRO_RESERVA_PORTO
PORTO_CARRO_RESERVA_PARTICULAR_VW,AVISO_SINISTRO,23121285,AVISO_SIN_CARRO_RESERVA_PORTO
PORTO_CARRO_RESERVA_PRORROGACAO,AVISO_SINISTRO,23121285,AVISO_SIN_CARRO_RESERVA_PORTO
PORTO_CARRO_RESERVA_PRORROGACAO_CORRETOR,AVISO_SINISTRO,23121285,AVISO_SIN_CARRO_RESERVA_PORTO
PORTO_CARRO_RESERVA_VW,AVISO_SINISTRO,23121285,AVISO_SIN_CARRO_RESERVA_PORTO
PORTO_PANE_CARRORESERVA,AVISO_SINISTRO,23121285,AVISO_SIN_CARRO_RESERVA_PORTO
PORTO_PANE_CARRORESERVA_NR,AVISO_SINISTRO,23121285,AVISO_SIN_CARRO_RESERVA_PORTO
PORTO_CARTA_VERDE,AVISO_SINISTRO,23121286,AVISO_SIN_CARTA_VERDE_PORTO
PORTO_CREDITOAPP,AVISO_SINISTRO,23121287,AVISO_SIN_CREDITO_APP_PORTO
PORTO_CREDITOAPP_NR,AVISO_SINISTRO,23121287,AVISO_SIN_CREDITO_APP_PORTO
AZUL_GUINCHO_COLISAO,AVISO_SINISTRO,23121288,AVISO_SIN_GUINCHO_COLISAO_AZUL
AZUL_GUINCHO_COLISAO_NR,AVISO_SINISTRO,23121288,AVISO_SIN_GUINCHO_COLISAO_AZUL
BLLU_AUTO_GUINCHO_COLISAO,AVISO_SINISTRO,25166098,AVISO_SIN_GUINCHO_COLISAO_BLLU
ITAU_GUINCHO_COLISAO,AVISO_SINISTRO,23121289,AVISO_SIN_GUINCHO_COLISAO_ITAU
ITAU_GUINCHO_COLISAO_REG,AVISO_SINISTRO,23121289,AVISO_SIN_GUINCHO_COLISAO_ITAU
PORTO_GUINCHO_COLISAO,AVISO_SINISTRO,23121290,AVISO_SIN_GUINCHO_COLISAO_PORT
PORTO_GUINCHO_COLISAO_VVD,AVISO_SINISTRO,23121290,AVISO_SIN_GUINCHO_COLISAO_PORT
PORTO_GUINCHO_COLISAO_APL,AVISO_SINISTRO,23121290,AVISO_SIN_GUINCHO_COLISAO_PORT
PORTO_GUINCHO_COLISAO_ATT,AVISO_SINISTRO,23121290,AVISO_SIN_GUINCHO_COLISAO_PORT
PORTO_GUINCHO_COLISAO_ATT_AUDI,AVISO_SINISTRO,23121290,AVISO_SIN_GUINCHO_COLISAO_PORT
PORTO_GUINCHO_COLISAO_ATT_VW,AVISO_SINISTRO,23121290,AVISO_SIN_GUINCHO_COLISAO_PORT
PORTO_GUINCHO_COLISAO_AUDI,AVISO_SINISTRO,23121290,AVISO_SIN_GUINCHO_COLISAO_PORT
PORTO_GUINCHO_COLISAO_CORRETOR,AVISO_SINISTRO,23121290,AVISO_SIN_GUINCHO_COLISAO_PORT
PORTO_GUINCHO_COLISAO_MI,AVISO_SINISTRO,23121290,AVISO_SIN_GUINCHO_COLISAO_PORT
PORTO_GUINCHO_COLISAO_NR,AVISO_SINISTRO,23121290,AVISO_SIN_GUINCHO_COLISAO_PORT
PORTO_GUINCHO_COLISAO_RC,AVISO_SINISTRO,23121290,AVISO_SIN_GUINCHO_COLISAO_PORT
PORTO_GUINCHO_COLISAO_RC_AUDI,AVISO_SINISTRO,23121290,AVISO_SIN_GUINCHO_COLISAO_PORT
PORTO_GUINCHO_COLISAO_RC_VW,AVISO_SINISTRO,23121290,AVISO_SIN_GUINCHO_COLISAO_PORT
GUINCHO_COLISAO_SICOOB,AVISO_SINISTRO,23121290,AVISO_SIN_GUINCHO_COLISAO_PORT
PORTO_GUINCHO_COLISAO_VW,AVISO_SINISTRO,23121290,AVISO_SIN_GUINCHO_COLISAO_PORT
PORTO_SINISTRO_RCO_APP_DC,AVISO_SINISTRO,23121291,AVISO_SIN_RCO_APP_PORTO
PORTO_AVERBACAO,AVISO_SINISTRO,25166096,AVISO_SIN_AVERBACAO_PORTO
TRANSPORTE_CARGA_SINISTRO,AVISO_SINISTRO,23121292,AVISO_SIN_TRANSP_PORTO
VIDROS_ITAU,AVISO_SINISTRO,23121293,AVISO_SIN_VIDROS_ITAU
VIDROS_COMUNICAR_SINISTRO_CORRETOR,AVISO_SINISTRO,23121294,AVISO_SIN_VIDROS_PORTO
PORTO_TRANBORDO_VIDROS,AVISO_SINISTRO,23121294,AVISO_SIN_VIDROS_PORTO
VIDROS_COMUNICAR_SINISTRO,AVISO_SINISTRO,23121294,AVISO_SIN_VIDROS_PORTO
VIDROS_COMUNICAR_SINISTRO_VVD,AVISO_SINISTRO,23121294,AVISO_SIN_VIDROS_PORTO
VIDROS_COMUNICAR_SINISTRO_AUDI,AVISO_SINISTRO,23121294,AVISO_SIN_VIDROS_PORTO
PORTO_MANUTENCAO_PREDIAL,AVISO_SINISTRO,23121295,MANUTENCAO_PREDIAL_PORTO
MITSUI_SAC_NAO_IDENTIFICADO,AVISO_SINISTRO,23121299,SAC_DEC_AUTO_MITSUI
NUCLEO_SIN_AUTO_ASSIST_PREMIUM_AUDI,AUTO_PREMIUM,23121324,NUC_SIN_ASSIST_AUTO_PREMIUM
NUCLEO_SIN_AUTO_ASSIST_PREMIUM,AUTO_PREMIUM,23121324,NUC_SIN_ASSIST_AUTO_PREMIUM
NUCLEO_SINISTRO_AUTO_PREMIUM_AUDI,AUTO_PREMIUM,23121326,NUC_SIN_AUTO_PREMIUM
NUCLEO_SINISTRO_AUTO_PREMIUM_DIRETORIA,AUTO_PREMIUM,23121326,NUC_SIN_AUTO_PREMIUM
NUCLEO_SINISTRO_AUTO_PREMIUM_NR,AUTO_PREMIUM,23121326,NUC_SIN_AUTO_PREMIUM
NUCLEO_SINISTRO_AUTO_PREMIUM_CORRETOR_SINCOR,AUTO_PREMIUM,29220862,NUC_SIN_AUTO_PREMIUM_SINCOR
AVISO_DE_VIAGEM_ERRO,AUTO_PREMIUM,25166099,NUC_SIN_AUTO_PREMIUM_VIAGEM
NUCLEO_SINISTRO_AUTO_PREMIUM,AUTO_PREMIUM,23121326,NUC_SIN_AUTO_PREMIUM
NUCLEO_SINISTRO_AUTO_PREMIUM_DAWN,AUTO_PREMIUM,23121326,NUC_SIN_AUTO_PREMIUM
NUCLEO_SINISTRO_AUTO_PREMIUM_VVD,AUTO_PREMIUM,23121326,NUC_SIN_AUTO_PREMIUM
AUTO_PREMIUM_PRODUTOR,AUTO_PREMIUM,23121327,NUC_SIN_PROD_AUTO_PREMIUM
NUCLEO_SAC_AUTO_ITAU,AUTO_PREMIUM,23121330,SAC_DEC_AUTO_ITAU
NUCLEO_SAC_DEC_PORTO_AUTO,AUTO_PREMIUM,23121331,SAC_DEC_AUTO_PORTO
MITSUI_SAC_CANCELAMENTO,AUTO_PREMIUM,23121332,SAC_DEC_MITSUI
MITSUI_SAC_RECLAMACAO,AUTO_PREMIUM,23121332,SAC_DEC_MITSUI
MITSUI_SAC_INFORMACAO,AUTO_PREMIUM,23121332,SAC_DEC_MITSUI
NUCLEO_SAC_TRB_RENNER,AUTO_PREMIUM,23121329,SAC_DEC_TRB_RENNER
NUCLEO_SAC_DEC_TRB_VIDA,AUTO_PREMIUM,23121328,SAC_DEC_TRB_VIDA
AVISO_FROTA_PRODUTOR,AUTO_FROTA,23121338,AUTO_FROTA_PORTO
FROTA_APOLICES_BLANKET_SERVICOS,AUTO_FROTA,25166087,AUTO_FROTA_ASSIST_PORTO
FROTA_APOLICES_BLANKET_SERVICOS_TRANSB,AUTO_FROTA,25166087,AUTO_FROTA_ASSIST_PORTO
FROTA_RUNOFF,AUTO_FROTA,23121338,AUTO_FROTA_PORTO
MITSUI_AUTO_FROTA,AUTO_FROTA,23121337,AUTO_FROTA_MITSUI
MITSUI_AUTO_FROTA_CARRO_RESERVA,AUTO_FROTA,25166088,AUTO_FROTA_CAR_RESERVA_MITSUI
MITSUI_AUTO_FROTA_DEMAIS_ASSUNTOS,AUTO_FROTA,25166091,AUTO_FROTA_GERAL_MITSUI
PAT_CT_ITAU_FROTA,AUTO_FROTA,23121336,AUTO_FROTA_ITAU
PAT_SOCORRO_AUTO_24H_FROTA,AUTO_FROTA,25166087,AUTO_FROTA_ASSIST_PORTO
PAT_SOCORRO_AUTO_FROTA,AUTO_FROTA,25166087,AUTO_FROTA_ASSIST_PORTO
PORTO_CARRO_RESERVA_FROTA_PARTICULAR,AUTO_FROTA,25166089,AUTO_FROTA_CAR_RESERVA_PORTO
PORTO_COMUNICAR_SINISTRO_24H_FROTA,AUTO_FROTA,23121338,AUTO_FROTA_PORTO
PORTO_COMUNICAR_SINISTRO_FROTA,AUTO_FROTA,23121338,AUTO_FROTA_PORTO
PORTO_COMUNICAR_SINISTRO_FROTA_DIGITAL,AUTO_FROTA,23121338,AUTO_FROTA_PORTO
PORTO_GUINCHO_COLISAO_24H_FROTA,AUTO_FROTA,25166092,AUTO_FROTA_GUINCHO_PORTO
PORTO_GUINCHO_COLISAO_FROTA,AUTO_FROTA,25166092,AUTO_FROTA_GUINCHO_PORTO
PORTO_SINISTRO_FROTA_BLANKET,AUTO_FROTA,23121338,AUTO_FROTA_PORTO
VIDROS_COMUNICAR_SINISTRO_FROTA,AUTO_FROTA,25166093,AUTO_FROTA_VIDROS_PORTO
PAT_SOCORRO_AUTO_CARRO_FACIL_LIDERES,AUTO_FROTA,25166085,AUTO_FROTA_ASSIST_CARROF_LIDER
ITAU_ASSISTENCIA_FROTA,AUTO_FROTA,25166086,AUTO_FROTA_ASSIST_ITAU
PORTO_CARRO_FACIL_LIDERES,AUTO_FROTA,25166090,AUTO_FROTA_CARROF_LIDERES
PAT_SOCORRO_AUTO_CARRO_FACIL,AUTO_FROTA,25166084,AUTO_FROTA_ASSIST_CARROF
NUCLEO_SINISTRO_AUTO_HD_SOMA_INTERNO,NUCLEO_SINISTRO_AUTO,23121361,NUC_SIN_AUTO_HDSOMA
NUCLEO_SINISTRO_AUTO_HD_SOMA_OFICINAS,NUCLEO_SINISTRO_AUTO,23121361,NUC_SIN_AUTO_HDSOMA
NUCLEO_SINISTRO_ITAU,NUCLEO_SINISTRO_AUTO,23121362,NUC_SIN_AUTO_ITAU
NUCLEO_SINISTRO_ITAU_ALTERNATIVO,NUCLEO_SINISTRO_AUTO,23121362,NUC_SIN_AUTO_ITAU
MITSUI_AUTO_GERAL_ACOMPANHAMENTO,NUCLEO_SINISTRO_AUTO,23121363,NUC_SIN_AUTO_MITSUI
NUCLEO_SINISTRO_PORTO_APL,NUCLEO_SINISTRO_AUTO,23121364,NUC_SIN_AUTO_PORTO
NUCLEO_SINISTRO_PORTO_AUDI,NUCLEO_SINISTRO_AUTO,23121364,NUC_SIN_AUTO_PORTO
NUCLEO_SINISTRO_PORTO_VVD_MI,NUCLEO_SINISTRO_AUTO,23121364,NUC_SIN_AUTO_PORTO
NUCLEO_SINISTRO_NR,NUCLEO_SINISTRO_AUTO,23121364,NUC_SIN_AUTO_PORTO
NUCLEO_SINISTRO_PORTO_VW,NUCLEO_SINISTRO_AUTO,23121364,NUC_SIN_AUTO_PORTO
NUCLEO_SINISTRO_PORTO,NUCLEO_SINISTRO_AUTO,23121364,NUC_SIN_AUTO_PORTO
NUCLEO_SINISTRO_PORTO_ALTERNATIVO,NUCLEO_SINISTRO_AUTO,23121364,NUC_SIN_AUTO_PORTO
NUCLEO_SINISTRO_PORTO_VVD,NUCLEO_SINISTRO_AUTO,23121364,NUC_SIN_AUTO_PORTO
NUCLEO_SINISTRO_PORTO_VVD_ALTERNATIVO,NUCLEO_SINISTRO_AUTO,23121364,NUC_SIN_AUTO_PORTO
NUCLEO_SINISTRO_AIG,NUCLEO_SINISTRO_AUTO,23121364,NUC_SIN_AUTO_PORTO
NUCLEO_BACK_ESPEC_ATIVO,NUCLEO_SINISTRO_AUTO,23121364,NUC_SIN_AUTO_PORTO
NUCLEO_SINISTRO_CHUBB,NUCLEO_SINISTRO_AUTO,23121364,NUC_SIN_AUTO_PORTO
SUPERVISAO_SINISTRO_ATD_SUCURSAIS,NUCLEO_SINISTRO_AUTO,23121384,NUC_SIN_AUTO_SUCURSAL
NUCLEO_CARRO_EXTRA,NUCLEO_SINISTRO_AUTO,23121382,NUC_SIN_CARRO_EXTRA
NUCLEO_CARRO_EXTRA_BV,NUCLEO_SINISTRO_AUTO,23121382,NUC_SIN_CARRO_EXTRA
NUCLEO_SINISTRO_PORTO_CORRETOR,NUCLEO_SINISTRO_AUTO,23121365,NUC_SIN_CORRETOR_PORTO
NUCLEO_FORNEC_PECAS_ITAU,NUCLEO_SINISTRO_AUTO,23121383,NUC_SIN_FORNEC_PECAS_ITAU
NUCLEO_FORNEC_PECAS_PORTO,NUCLEO_SINISTRO_AUTO,23121366,NUC_SIN_FORNEC_PECAS_PORTO
NUCLEO_FORNEC_PECAS_PORTO_ALTERNATIVO,NUCLEO_SINISTRO_AUTO,23121366,NUC_SIN_FORNEC_PECAS_PORTO
NUCLEO_TAREFA_PECAS_ATIVO,NUCLEO_SINISTRO_AUTO,23121366,NUC_SIN_FORNEC_PECAS_PORTO
TAREFA_PECAS_ATIVO,NUCLEO_SINISTRO_AUTO,23121366,NUC_SIN_FORNEC_PECAS_PORTO
MITSUI_AUTO_FROTA_ACOMPANHAMENTO,NUCLEO_SINISTRO_AUTO,23121367,NUC_SIN_FROTA_MITSUI
NUCLEO_SINISTRO_FROTA_BLANKET,NUCLEO_SINISTRO_AUTO,23121368,NUC_SIN_FROTA_PORTO
NUCLEO_SINISTRO_PORTO_FROTA,NUCLEO_SINISTRO_AUTO,23121368,NUC_SIN_FROTA_PORTO
NUCLEO_SINISTRO_OFICINAS_ITAU,NUCLEO_SINISTRO_AUTO,23121369,NUC_SIN_OFICINAS_ITAU
NUCLEO_SINISTRO_PAGAMENTO,NUCLEO_SINISTRO_AUTO,23121370,NUC_SIN_PAGAMENTO
OD_AZUL_SINISTRO_ACOMPANHAMENTO,NUCLEO_SINISTRO_AUTO,23121371,NUC_SIN_POS_AUTO_AZUL
NUCLEO_POSICAO_SINISTRO_AUTO_PREMIUM_AUDI,NUCLEO_SINISTRO_AUTO,23121372,NUC_SIN_POS_AUTO_PREMIUM
NUCLEO_SINISTRO_AUTO_PREMIUM_MERCOSUL,NUCLEO_SINISTRO_AUTO,23121372,NUC_SIN_POS_AUTO_PREMIUM
NUCLEO_POSICAO_SINISTRO_AUTO_PREMIUM,NUCLEO_SINISTRO_AUTO,23121372,NUC_SIN_POS_AUTO_PREMIUM
AZUL_R3_POSICAO,NUCLEO_SINISTRO_AUTO,23121385,NUC_SIN_POS_AUTO_R3_AZUL
NUCLEO_FROTA_POSICAO,NUCLEO_SINISTRO_AUTO,23121373,NUC_SIN_POS_FROTA_PORTO
NUCLEO_POSICAO_FROTA_BLANKET,NUCLEO_SINISTRO_AUTO,23121373,NUC_SIN_POS_FROTA_PORTO
ESPECIALISTA_PRODUTOR_SINISTRO,NUCLEO_SINISTRO_AUTO,23121374,NUC_SIN_PRODUTOR
NUCLEO_TRANSF_APP_RCF,NUCLEO_SINISTRO_AUTO,23121375,NUC_SIN_TRANSF_APP_RCF
NUCLEO_TRANSF_RCO,NUCLEO_SINISTRO_AUTO,23121376,NUC_SIN_TRANSF_RCO
NUCLEO_SINISTRO_VISTORIA,NUCLEO_SINISTRO_AUTO,23121377,NUC_SIN_VISTORIA
ITAU_APOL_RESID_PER,NUCLEO_SINISTRO_RE,23121391,AVISO_SIN_ITAU_RESID_APOLICE
ITAU_APOL_RESID_UNI,NUCLEO_SINISTRO_RE,23121391,AVISO_SIN_ITAU_RESID_APOLICE
ITAU_APOLICE_RESID,NUCLEO_SINISTRO_RE,23121391,AVISO_SIN_ITAU_RESID_APOLICE
ITAU_SINISTRO_RESID,NUCLEO_SINISTRO_RE,23121392,AVISO_SIN_ITAU_RESID_AVISO
ITAU_SIN_AVI_RESID_PER,NUCLEO_SINISTRO_RE,23121392,AVISO_SIN_ITAU_RESID_AVISO
ITAU_SIN_AVI_RESID_UNI,NUCLEO_SINISTRO_RE,23121392,AVISO_SIN_ITAU_RESID_AVISO
ITAU_CANCEL_RESID,NUCLEO_SINISTRO_RE,23121393,AVISO_SIN_ITAU_RESID_CANCEL
ITAU_CANCEL_RESID_PER,NUCLEO_SINISTRO_RE,23121393,AVISO_SIN_ITAU_RESID_CANCEL
ITAU_CANCEL_RESID_UNI,NUCLEO_SINISTRO_RE,23121393,AVISO_SIN_ITAU_RESID_CANCEL
ITAU_COBR_RESID,NUCLEO_SINISTRO_RE,23121394,AVISO_SIN_ITAU_RESID_COBRANCA
ITAU_COBR_RESID_PER,NUCLEO_SINISTRO_RE,23121394,AVISO_SIN_ITAU_RESID_COBRANCA
ITAU_COBR_RESID_UNI,NUCLEO_SINISTRO_RE,23121394,AVISO_SIN_ITAU_RESID_COBRANCA
ITAU_ENDOS_RESID,NUCLEO_SINISTRO_RE,23121395,AVISO_SIN_ITAU_RESID_ENDOSSO
ITAU_ENDOS_RESID_PER,NUCLEO_SINISTRO_RE,23121395,AVISO_SIN_ITAU_RESID_ENDOSSO
ITAU_ENDOS_RESID_UNI,NUCLEO_SINISTRO_RE,23121395,AVISO_SIN_ITAU_RESID_ENDOSSO
ITAU_WORKSITE_RESID,NUCLEO_SINISTRO_RE,23121396,AVISO_SIN_ITAU_RESID_WORKSITE
SINISTRO_AVISO_RE_CORRETOR,NUCLEO_SINISTRO_RE,23121397,AVISO_SIN_RE_CORRETOR
SINISTRO_AVISO_621_MI_RE,NUCLEO_SINISTRO_RE,23121398,AVISO_SIN_RE_PORTO
SINISTRO_AVISO_TRANSF_NR_RE,NUCLEO_SINISTRO_RE,23121398,AVISO_SIN_RE_PORTO
OD_RE_SINISTRO_AVISO_TRANSF_NR,NUCLEO_SINISTRO_RE,23121398,AVISO_SIN_RE_PORTO
SINISTRO_AVISO_SICOOB_RE,NUCLEO_SINISTRO_RE,23121398,AVISO_SIN_RE_PORTO
SINISTRO_ACAO_ERRO_RE,NUCLEO_SINISTRO_RE,23121398,AVISO_SIN_RE_PORTO
SINISTRO_AVISO_621_RE,NUCLEO_SINISTRO_RE,23121398,AVISO_SIN_RE_PORTO
SINISTRO_AVISO_RE,NUCLEO_SINISTRO_RE,23121398,AVISO_SIN_RE_PORTO
SINISTRO_CONECTA_RE,NUCLEO_SINISTRO_RE,23121398,AVISO_SIN_RE_PORTO
OD_RE_SINISTRO_AVISO_621,NUCLEO_SINISTRO_RE,23121398,AVISO_SIN_RE_PORTO
OD_RE_SINISTRO_AVISO,NUCLEO_SINISTRO_RE,23121398,AVISO_SIN_RE_PORTO
SINISTRO_PREMIUM_621_AVISO_RE,NUCLEO_SINISTRO_RE,23121399,AVISO_SIN_RE_PREMIUM
SINISTRO_RENNER_RE,NUCLEO_SINISTRO_RE,23121400,AVISO_SIN_RE_RENNER
SINISTRO_AVISO_TRANSPORTES_RE,NUCLEO_SINISTRO_RE,23121401,AVISO_SIN_RE_TRANSP
ITAU_SAC_CANCELAMENTO,NUCLEO_SINISTRO_RE,23121404,SAC_DEC_CANC_RESID_ITAU
ITAU_SAC_DEMAIS,NUCLEO_SINISTRO_RE,23121405,SAC_DEC_GERAL_ITAU
ITAU_SAC_INFORMACAO,NUCLEO_SINISTRO_RE,23121406,SAC_DEC_INFO_RESID_ITAU
NUCLEO_SAC_DEC_PORTO_RE,NUCLEO_SINISTRO_RE,23121408,SAC_DEC_RE_PORTO
NUCLEO_SAC_RENNER_RE,NUCLEO_SINISTRO_RE,23121579,SAC_DEC_RE_RENNER
ITAU_SAC_RECLAMACAO,NUCLEO_SINISTRO_RE,23121409,SAC_DEC_REC_RESID_ITAU
NUCLEO_SAC_DEC_TRANSPORTE,NUCLEO_SINISTRO_RE,23121410,SAC_DEC_TRANSP
NUCLEO_SAC_DEC_TRB_TRANSP,NUCLEO_SINISTRO_RE,23121410,SAC_DEC_TRANSP
OD_TRANSPORTES_SAC_DECRETO,NUCLEO_SINISTRO_RE,23121410,SAC_DEC_TRANSP
ASSIST_SANTANDER,SANTANDER,23121091,ASSIST_SANTANDER
ASSIST_INTER_SANTANDER,SANTANDER,23121092,ASSIST_INTER_SANTANDER
ASSIST_ESPEC_SANTANDER,SANTANDER,23121093,ASSIST_ESPEC_SANTANDER
ASSIST_SIN_SANTANDER,SANTANDER,23121094,ASSIST_SIN_SANTANDER
OD_RFC_ALUGUEL_CLIENTE,RFC,25166101,RFC_ALUGUEL
OD_RFC_ALUGUEL_PRIORIDADESAC,RFC,25166101,RFC_ALUGUEL
OD_RFC_ALUGUEL_CORRETOR,RFC,25166101,RFC_ALUGUEL
OD_RFC_ALUGUEL_MI,RFC,25166101,RFC_ALUGUEL
OD_RFC_CAPITALIZACAO_MI,RFC,25166105,FINANCIAMENTO_CAP
OD_RFC_PORTO_ALUGUEL_EMISSAO,RFC,25166106,RFC_EMISSAO_ALUGUEL
OD_RFC_GARANTIA_EMISSAO,RFC,25166108,RFC_EMISSAO_GARANTIA
OD_RFC_ALUGUEL_PRODUCAO_EMISSAO,RFC,25166110,RFC_EMISSAO_PROD_ALUGUEL
OD_RFC_EMISSAO_ALUGUEL_PRODUCAO,RFC,25166110,RFC_EMISSAO_PROD_ALUGUEL
OD_RFC_GARANTIA_PRIORIDADESAC,RFC,25166111,RFC_GARANTIA
OD_RFC_NR,RFC,25166112,RFC_GERAL
OD_RFC_GOC_MI,RFC,25166113,RFC_GOC
OD_RFC_PORTO_ALUGUEL_HELP_DESK,RFC,25166114,RFC_HD_ALUGUEL
OD_RFC_PORTOCAP_PRIORIDADESAC,RFC,25166117,FINANCIAMENTO_PORTOCAP
OD_RFC_PORTOCAP_CLIENTE,RFC,25166117,FINANCIAMENTO_PORTOCAP
OD_RFC_PORTOCAP_CORRETOR,RFC,25166117,FINANCIAMENTO_PORTOCAP
OD_RFC_PORTOCAP_FUNCIONARIO,RFC,25166117,FINANCIAMENTO_PORTOCAP
OD_RFC_ALUGUEL_PRODUCAO,RFC,25166118,RFC_PROD_ALUGUEL
OD_RE_SINISTRO_RFC_IMOBILIARIA,RFC,25166119,RFC_SINISTRO_RE
OD_RE_SINISTRO_RFC,RFC,25166119,RFC_SINISTRO_RE
OD_RE_SINISTRO_RFC_GARANTIA,RFC,25166100,RFC_SINISTRO_RE_GARANTIA
OD_RFC_SAC_DECRETO_PORTO_ALUGUEL,RFC,25166102,SAC_DEC_RFC_ALUGUEL
OD_RFC_SAC_DECRETO_PORTOCAP,RFC,25166103,SAC_DEC_FINANCIAMENTO_PORTOCAP
SUPERVISOR_RFC,RFC,25166107,RFC_SUP
OD_RFC_ALUGUEL_ITAU_FUNCIONARIO,RFC,25166101,RFC_ALUGUEL
OD_RFC_GARANTIA_CLIENTE,RFC,25166111,RFC_GARANTIA
OD_RFC_GARANTIA_CORRETOR,RFC,25166111,RFC_GARANTIA
OD_RFC_GARANTIA_PORTO_ALUGUEL_SINISTRO,RFC,25166101,RFC_ALUGUEL
OD_RFC_PRODUTO_ALUGUEL_FUNC,RFC,25166101,RFC_ALUGUEL
CDC_RFC_SUPERVISAO,RFC,25166107,RFC_SUP
OD_CONSORCIO_APOIO_OPERACAO,CONSORCIO,25166198,CONSORCIO_APOIO_OPER
OD_CONSORCIO_ASSEMBLEIA_FALAR_ATENDENTE,CONSORCIO,25166205,CONSORCIO_GERAL
OD_CONSORCIO_ASSUNTOS_CLIENTES_CORRETOR,CONSORCIO,25166205,CONSORCIO_GERAL
OD_CONSORCIO_BOLETO_CODIGO_BARRAS_ENVIADO_VIA_SMS_FALAR_ATENDENTE,CONSORCIO,25166193,CONSORCIO_BOLETO
OD_CONSORCIO_BOLETO_COTA_SEM_EMAIL_CADASTRADO_FALAR_ATENDENTE,CONSORCIO,25166193,CONSORCIO_BOLETO
OD_CONSORCIO_BOLETO_COTA_SEM_EMAIL_CELULAR_CADASTRADOS,CONSORCIO,25166193,CONSORCIO_BOLETO
OD_CONSORCIO_BOLETO_FALAR_ATENDENTE,CONSORCIO,25166193,CONSORCIO_BOLETO
OD_CONSORCIO_BOLETO_INFO_PARCELA,CONSORCIO,25166193,CONSORCIO_BOLETO
OD_CONSORCIO_BOLETO_PARCELA_FALAR_ATENDENTE,CONSORCIO,25166193,CONSORCIO_BOLETO
OD_CONSORCIO_BOLETO_SEGUNDA_VIA_ENVIADO_EMAIL_FALAR_ATENDENTE,CONSORCIO,25166193,CONSORCIO_BOLETO
OD_CONSORCIO_CLIENTE_PRIORITARIO,CONSORCIO,25166205,CONSORCIO_GERAL
OD_CONSORCIO_CORRETORES_ERRO_SERVICO,CONSORCIO,25166195,CONSORCIO_COR_GERAL
OD_CONSORCIO_CORRETORES_SP_CAPITAL,CONSORCIO,25166196,CONSORCIO_COR_SP_CAPITAL
OD_CONSORCIO_CORRETORES_SP_INTERIOR,CONSORCIO,25166199,CONSORCIO_COR_SP_INTERIOR
OD_CONSORCIO_COTA_COBRANCA,CONSORCIO,25166194,CONSORCIO_COBRANCA
OD_CONSORCIO_COTA_CONTEMPLADA_BOLETO_LANCE,CONSORCIO,25166193,CONSORCIO_BOLETO
OD_CONSORCIO_COTA_EM_ATRASO_BOLETO_INDISPONIVEL,CONSORCIO,25166194,CONSORCIO_COBRANCA
OD_CONSORCIO_GERAL_CONTEMPLADO_COM_BEM_ALTERACAO_CADASTRAL,CONSORCIO,25166205,CONSORCIO_GERAL
OD_CONSORCIO_GERAL_CONTEMPLADO_COM_BEM_FALAR_ATENDENTE,CONSORCIO,25166205,CONSORCIO_GERAL
OD_CONSORCIO_GERAL_CONTEMPLADO_SEM_BEM_ALTERACAO_CADASTRAL,CONSORCIO,25166205,CONSORCIO_GERAL
OD_CONSORCIO_GERAL_CONTEMPLADO_SEM_BEM_FALAR_ATENDENTE,CONSORCIO,25166205,CONSORCIO_GERAL
OD_CONSORCIO_GERAL_NAO_CONTEMPLADO_ALTERACAO_CADASTRAL,CONSORCIO,25166205,CONSORCIO_GERAL
OD_CONSORCIO_GERAL_NAO_CONTEMPLADO_ALTERACAO_CREDITO,CONSORCIO,25166205,CONSORCIO_GERAL
OD_CONSORCIO_GERAL_NAO_CONTEMPLADO_FALAR_ATENDENTE,CONSORCIO,25166205,CONSORCIO_GERAL
OD_CONSORCIO_INFO_VALIDA_COTA,CONSORCIO,25166203,CONSORCIO_COTA
OD_CONSORCIO_INICIAL_TIMEOUT_CLIENTE_NAO_IDENTIFICADO,CONSORCIO,25166205,CONSORCIO_GERAL
OD_CONSORCIO_LANCE_COTA_SEM_LANCE_OFERTADO_FALAR_ATENDENTE,CONSORCIO,25166203,CONSORCIO_COTA
OD_CONSORCIO_LANCE_OFERTA_EFETIVADA_FALAR_ATENDENTE,CONSORCIO,25166206,CONSORCIO_LANCE
OD_CONSORCIO_LANCE_OFERTA_NAO_EFETIVADA_FALAR_ATENDENTE,CONSORCIO,25166206,CONSORCIO_LANCE
OD_CONSORCIO_LANCE_OFERTADO_FALAR_ATENDENTE,CONSORCIO,25166206,CONSORCIO_LANCE
OD_CONSORCIO_LISTAEMERGENCIAL,CONSORCIO,25166205,CONSORCIO_GERAL
OD_CONSORCIO_MI,CONSORCIO,25166205,CONSORCIO_GERAL
OD_CONSORCIO_NR,CONSORCIO,25166205,CONSORCIO_GERAL
OD_CONSORCIO_PRIORIDADESAC,CONSORCIO,25166205,CONSORCIO_GERAL
OD_CONSORCIO_RNP_BACEN,CONSORCIO,25166204,CONSORCIO_RNP_BACEN
OD_CONSORCIO_SAC_DECRETO,CONSORCIO,25166207,SAC_DEC_CONSORCIO
OD_CONSORCIO_SAC_DECRETO_TENTATIVAS_EXCEDIDAS,CONSORCIO,25166207,SAC_DEC_CONSORCIO
OD_CONSORCIO_TENTATIVAS_EXCEDIDAS_GERAL,CONSORCIO,25166205,CONSORCIO_GERAL
OD_CONSORCIO_VALIDA_COTA_BLOQUEADA,CONSORCIO,25166203,CONSORCIO_COTA
OD_CONSORCIO_VALIDA_COTA_CANCELADA,CONSORCIO,25166203,CONSORCIO_COTA
OD_CONSORCIO_VALIDA_COTA_GRUPO_ENCERRADO,CONSORCIO,25166203,CONSORCIO_COTA
OD_CONSORCIO_VALIDA_COTA_MAIS_2_COTAS,CONSORCIO,25166203,CONSORCIO_COTA
OD_CONSORCIO_VALIDA_COTA_QUITADA,CONSORCIO,25166203,CONSORCIO_COTA
OD_CONSORCIO_VALIDA_COTA_TRANSFERIDA,CONSORCIO,25166203,CONSORCIO_COTA
OD_COTA_GRUPO_ENCERRADO,CONSORCIO,25166203,CONSORCIO_COTA
CONSORCIO_CONQUISTA_SUPERVISAO,CONSORCIO,25166200,CONSORCIO_SUP
OD_RFC_PORTO_ALUGUEL_EMISSAO_IMOBILIARIA,NUCLEO_EMISSAO_RE,25166360,NUCLEO_RE_EMISSAO_IMOBILIARIA
OD_RFC_PORTO_ALUGUEL_IMOBILIARIA,NUCLEO_EMISSAO_RE,25166361,NUCLEO_RE_IMOBILIARIA
OD_RFC_PORTO_ALUGUEL_HELP_DESK_IMOBILIARIA,NUCLEO_EMISSAO_RE,25166362,NUCLEO_RE_EMISSAO_HD
RFC_ATIVACAO_IMOBILIARIAS,NUCLEO_EMISSAO_RE,25166361,NUCLEO_RE_IMOBILIARIA
NUCLEO_RE_ACEITACAO_AGRO,NUCLEO_EMISSAO_RE,25166363,NUCLEO_RE_ACEITACAO_AGRO
NUCLEO_RE_ACEITACAO_COND,NUCLEO_EMISSAO_RE,25166364,NUCLEO_RE_ACEITACAO_COND
NUCLEO_RE_ACEITACAO_EMPRESA,NUCLEO_EMISSAO_RE,25166365,NUCLEO_RE_ACEITACAO_EMPRESA
NUCLEO_RE_ACEITACAO_PORTATEIS,NUCLEO_EMISSAO_RE,25166366,NUCLEO_RE_ACEITACAO_PORTATEIS
NUCLEO_RE_ACEITACAO_RC,NUCLEO_EMISSAO_RE,25166367,NUCLEO_RE_ACEITACAO_RC
NUCLEO_RE_ACEITACAO_RD,NUCLEO_EMISSAO_RE,25166368,NUCLEO_RE_ACEITACAO_RD
NUCLEO_RE_ACEITACAO_RESID,NUCLEO_EMISSAO_RE,25166369,NUCLEO_RE_ACEITACAO_RESID
NUCLEO_RE_EMISSAO_AGRO,NUCLEO_EMISSAO_RE,25166370,NUCLEO_RE_EMISSAO_AGRO
NUCLEO_RE_EMISSAO_COND,NUCLEO_EMISSAO_RE,25166371,NUCLEO_RE_EMISSAO_COND
NUCLEO_RE_EMISSAO_EMPRESA,NUCLEO_EMISSAO_RE,25166372,NUCLEO_RE_EMISSAO_EMPRESA
NUCLEO_RE_EMISSAO_HD,NUCLEO_EMISSAO_RE,25166362,NUCLEO_RE_EMISSAO_HD
HD_CORRETOR_RE,NUCLEO_EMISSAO_RE,25166362,NUCLEO_RE_EMISSAO_HD
NUCLEO_RE_EMISSAO_PORTATEIS,NUCLEO_EMISSAO_RE,25166373,NUCLEO_RE_EMISSAO_PORTATEIS
NUCLEO_RE_EMISSAO_RC,NUCLEO_EMISSAO_RE,25166374,NUCLEO_RE_EMISSAO_RC
NUCLEO_RE_EMISSAO_RD,NUCLEO_EMISSAO_RE,25166375,NUCLEO_RE_EMISSAO_RD
NUCLEO_RE_EMISSAO_RESID,NUCLEO_EMISSAO_RE,25166376,NUCLEO_RE_EMISSAO_RESID
NUCLEO_RE_EMISSAO_PROD,NUCLEO_EMISSAO_RE,25166377,NUCLEO_RE_EMISSAO_PROD
NUCLEO_RE_ACOMPANHAMENTO_PROPOSTA,NUCLEO_EMISSAO_RE,25166378,NUCLEO_RE_GERAL
NUCLEO_RE_DEMAIS_ASSUNTOS,NUCLEO_EMISSAO_RE,25166378,NUCLEO_RE_GERAL
NUCLEO_RE_DUVIDAS,NUCLEO_EMISSAO_RE,25166378,NUCLEO_RE_GERAL
NUCLEO_RE_INDISPONIBILIDADE,NUCLEO_EMISSAO_RE,25166378,NUCLEO_RE_GERAL
NUCLEO_RE_SUP,NUCLEO_EMISSAO_RE,25166379,NUCLEO_RE_SUP
ASSIST_SANTANDER_VIP,SANTANDER,35589099,ASSIST_SANTANDER_VIP
ASSIST_INTER_SANTANDER_VIP,SANTANDER,35589100,ASSIST_INTER_SANTANDER_VIP
ASSIST_ESPEC_SANTANDER_VIP,SANTANDER,35589101,ASSIST_ESPEC_SANTANDER_VIP
OD_CONSORCIO_APOIO_OPERACAO_AEC,CONSORCIO,31545005,CONSORCIO_APOIO_OPER_AEC
OD_CONSORCIO_ASSEMBLEIA_FALAR_ATENDENTE_AEC,CONSORCIO,31545007,CONSORCIO_GERAL_AEC
OD_CONSORCIO_ASSUNTOS_CLIENTES_CORRETOR_AEC,CONSORCIO,31545007,CONSORCIO_GERAL_AEC
OD_CONSORCIO_BOLETO_CODIGO_BARRAS_ENVIADO_VIA_SMS_FALAR_ATENDENTE_AEC,CONSORCIO,31545008,CONSORCIO_BOLETO_AEC
OD_CONSORCIO_BOLETO_COTA_SEM_EMAIL_CADASTRADO_FALAR_ATENDENTE_AEC,CONSORCIO,31545008,CONSORCIO_BOLETO_AEC
OD_CONSORCIO_BOLETO_COTA_SEM_EMAIL_CELULAR_CADASTRADOS_AEC,CONSORCIO,31545008,CONSORCIO_BOLETO_AEC
OD_CONSORCIO_BOLETO_FALAR_ATENDENTE_AEC,CONSORCIO,31545008,CONSORCIO_BOLETO_AEC
OD_CONSORCIO_BOLETO_INFO_PARCELA_AEC,CONSORCIO,31545008,CONSORCIO_BOLETO_AEC
OD_CONSORCIO_BOLETO_PARCELA_FALAR_ATENDENTE_AEC,CONSORCIO,31545008,CONSORCIO_BOLETO_AEC
OD_CONSORCIO_BOLETO_SEGUNDA_VIA_ENVIADO_EMAIL_FALAR_ATENDENTE_AEC,CONSORCIO,31545008,CONSORCIO_BOLETO_AEC
OD_CONSORCIO_CLIENTE_PRIORITARIO_AEC,CONSORCIO,31545007,CONSORCIO_GERAL_AEC
OD_CONSORCIO_CORRETORES_ERRO_SERVICO_AEC,CONSORCIO,31545009,CONSORCIO_COR_GERAL_AEC
OD_CONSORCIO_CORRETORES_SP_CAPITAL_AEC,CONSORCIO,31545010,CONSORCIO_COR_SP_CAPITAL_AEC
OD_CONSORCIO_CORRETORES_SP_INTERIOR_AEC,CONSORCIO,31545011,CONSORCIO_COR_SP_INTERIOR_AEC
OD_CONSORCIO_COTA_COBRANCA_AEC,CONSORCIO,31545012,CONSORCIO_COBRANCA_AEC
OD_CONSORCIO_COTA_CONTEMPLADA_BOLETO_LANCE_AEC,CONSORCIO,31545008,CONSORCIO_BOLETO_AEC
OD_CONSORCIO_COTA_EM_ATRASO_BOLETO_INDISPONIVEL_AEC,CONSORCIO,31545012,CONSORCIO_COBRANCA_AEC
OD_CONSORCIO_GERAL_CONTEMPLADO_COM_BEM_ALTERACAO_CADASTRAL_AEC,CONSORCIO,31545007,CONSORCIO_GERAL_AEC
OD_CONSORCIO_GERAL_CONTEMPLADO_COM_BEM_FALAR_ATENDENTE_AEC,CONSORCIO,31545007,CONSORCIO_GERAL_AEC
OD_CONSORCIO_GERAL_CONTEMPLADO_SEM_BEM_ALTERACAO_CADASTRAL_AEC,CONSORCIO,31545007,CONSORCIO_GERAL_AEC
OD_CONSORCIO_GERAL_CONTEMPLADO_SEM_BEM_FALAR_ATENDENTE_AEC,CONSORCIO,31545007,CONSORCIO_GERAL_AEC
OD_CONSORCIO_GERAL_NAO_CONTEMPLADO_ALTERACAO_CADASTRAL_AEC,CONSORCIO,31545007,CONSORCIO_GERAL_AEC
OD_CONSORCIO_GERAL_NAO_CONTEMPLADO_ALTERACAO_CREDITO_AEC,CONSORCIO,31545007,CONSORCIO_GERAL_AEC
OD_CONSORCIO_GERAL_NAO_CONTEMPLADO_FALAR_ATENDENTE_AEC,CONSORCIO,31545007,CONSORCIO_GERAL_AEC
OD_CONSORCIO_INFO_VALIDA_COTA_AEC,CONSORCIO,31545013,CONSORCIO_COTA_AEC
OD_CONSORCIO_INICIAL_TIMEOUT_CLIENTE_NAO_IDENTIFICADO_AEC,CONSORCIO,31545007,CONSORCIO_GERAL_AEC
OD_CONSORCIO_LANCE_COTA_SEM_LANCE_OFERTADO_FALAR_ATENDENTE_AEC,CONSORCIO,31545013,CONSORCIO_COTA_AEC
OD_CONSORCIO_LANCE_OFERTA_EFETIVADA_FALAR_ATENDENTE_AEC,CONSORCIO,31545014,CONSORCIO_LANCE_AEC
OD_CONSORCIO_LANCE_OFERTA_NAO_EFETIVADA_FALAR_ATENDENTE_AEC,CONSORCIO,31545014,CONSORCIO_LANCE_AEC
OD_CONSORCIO_LANCE_OFERTADO_FALAR_ATENDENTE_AEC,CONSORCIO,31545014,CONSORCIO_LANCE_AEC
OD_CONSORCIO_LISTAEMERGENCIAL_AEC,CONSORCIO,31545007,CONSORCIO_GERAL_AEC
OD_CONSORCIO_MI_AEC,CONSORCIO,31545007,CONSORCIO_GERAL_AEC
OD_CONSORCIO_NR_AEC,CONSORCIO,31545007,CONSORCIO_GERAL_AEC
OD_CONSORCIO_PRIORIDADESAC_AEC,CONSORCIO,31545007,CONSORCIO_GERAL_AEC
OD_CONSORCIO_RNP_BACEN_AEC,CONSORCIO,31545015,CONSORCIO_RNP_BACEN_AEC
OD_CONSORCIO_SAC_DECRETO_AEC,CONSORCIO,31545016,SAC_DEC_CONSORCIO_AEC
OD_CONSORCIO_SAC_DECRETO_TENTATIVAS_EXCEDIDAS_AEC,CONSORCIO,31545016,SAC_DEC_CONSORCIO_AEC
OD_CONSORCIO_TENTATIVAS_EXCEDIDAS_GERAL_AEC,CONSORCIO,31545007,CONSORCIO_GERAL_AEC
OD_CONSORCIO_VALIDA_COTA_BLOQUEADA_AEC,CONSORCIO,31545013,CONSORCIO_COTA_AEC
OD_CONSORCIO_VALIDA_COTA_CANCELADA_AEC,CONSORCIO,31545013,CONSORCIO_COTA_AEC
OD_CONSORCIO_VALIDA_COTA_GRUPO_ENCERRADO_AEC,CONSORCIO,31545013,CONSORCIO_COTA_AEC
OD_CONSORCIO_VALIDA_COTA_MAIS_2_COTAS_AEC,CONSORCIO,31545013,CONSORCIO_COTA_AEC
OD_CONSORCIO_VALIDA_COTA_QUITADA_AEC,CONSORCIO,31545013,CONSORCIO_COTA_AEC
OD_CONSORCIO_VALIDA_COTA_TRANSFERIDA_AEC,CONSORCIO,31545013,CONSORCIO_COTA_AEC
OD_COTA_GRUPO_ENCERRADO_AEC,CONSORCIO,31545013,CONSORCIO_COTA_AEC
CONSORCIO_CONQUISTA_SUPERVISAO_AEC,CONSORCIO,31545017,CONSORCIO_SUP_AEC
ASSIST_PORTO_SEGURO_BIKE_RD_RE,JORNADA_RE,35589831,ASSIST_SEGURO_BIKE_RD_RE
AVISO_SINISTRO_SEGURO_BIKE_RE,JORNADA_RE,35589832,AVISO_SIN_SEGURO_BIKE_RD_RE
